show_id,type,title,director,cast,country,date_added,release_year,rating,duration,listed_in,description
s0001,Movie,One More Day,Liam Miller,James Kumar,United States,"August 31, 2023",1996,TV-PG,146 min,"Comedy, British TV Shows","A powerful story exploring relationships, identity, and the search for belonging."
s0002,Movie,One More Day 2013,Olivia Wilson,Alex Miller,United States,,2018,TV-MA,134 min,Documentaries,"An ambitious journey filled with mystery, humor, and unforgettable moments."
s0003,TV Show,Hidden Lives,,"Emily Garcia, Daniel Jones, Maya Miller",Italy,"May 13, 2020",2002,TV-G,5 Seasons,"Crime TV Shows, Comedy, Thrillers","An ambitious journey filled with mystery, humor, and unforgettable moments."
s0004,TV Show,City Stories,,Arjun Sharma,"India, South Korea",,2001,TV-MA,3 Seasons,"Anime Series, British TV Shows","A compelling story about friendship, family, and unexpected choices."
s0005,Movie,Midnight Streets,,"James Kumar, Robert Smith, Emma Kumar, Maya Anderson","France, Australia","May 14, 2023",2022,R,127 min,"Drama, Horror Movies",A young protagonist must overcome difficult challenges to find a new beginning.
s0006,Movie,The Last Horizon,Olivia Jones,Isabella Garcia,Germany,"February 02, 2019",2019,TV-14,122 min,Romantic Movies,A young protagonist must overcome difficult challenges to find a new beginning.
s0007,Movie,The Secret Garden,David Martin,,"France, Australia","February 23, 2026",2010,TV-14,104 min,Comedy,A group of strangers discovers a secret that changes their lives forever.
s0008,Movie,A Second Chance,Emily Wilson,"Lucas Sharma, Ethan Anderson","South Korea, Mexico","June 19, 2024",2011,PG,76 min,Action & Adventure,"A powerful story exploring relationships, identity, and the search for belonging."
s0009,Movie,Into the Wild 2019,,"Chris Kim, Maya Williams, Olivia Patel",Italy,"April 27, 2021",1990,TV-MA,79 min,"Horror Movies, Documentaries","A compelling story about friendship, family, and unexpected choices."
s0010,Movie,Parallel Lives,Isabella Patel,"Emma Jones, Olivia Williams, Alex Smith",United States,"August 14, 2020",2020,R,143 min,"Sci-Fi & Fantasy, Anime Series","When an unexpected event occurs, a determined group sets out to uncover the truth."
s0011,Movie,The Great Escape,Emily Wilson,Michael Taylor,"Spain, South Korea","May 15, 2024",2002,TV-MA,109 min,Stand-Up Comedy,"A powerful story exploring relationships, identity, and the search for belonging."
s0012,TV Show,The Academy,,"Ravi Moore, Emily Davis","India, Brazil, South Korea","June 08, 2026",2001,TV-14,1 Season,"Thrillers, Drama, Comedy",A group of strangers discovers a secret that changes their lives forever.
s0013,Movie,The Silent House,Robert Patel,,"Brazil, United States","April 03, 2020",2014,PG-13,112 min,Crime TV Shows,"A powerful story exploring relationships, identity, and the search for belonging."
s0014,Movie,The Forgotten Road,Michael Singh,"Emily Taylor, Alex Martinez",Australia,"May 01, 2023",2023,R,175 min,"Crime TV Shows, Documentaries","A powerful story exploring relationships, identity, and the search for belonging."
s0015,TV Show,Unknown Files,,"Chris Martinez, Chris Anderson, Thomas Singh","Japan, Canada","December 31, 2021",1992,TV-Y,4 Seasons,Kids' TV,"A powerful story exploring relationships, identity, and the search for belonging."
s0016,Movie,The Last Horizon 2025,Jordan Wilson,"Jordan Garcia, Priya Davis, Alex Lee",Brazil,"December 16, 2025",2004,NR,178 min,"Drama, Reality TV",A young protagonist must overcome difficult challenges to find a new beginning.
s0017,Movie,The Long Road Home,Kiran Garcia,Olivia Jackson,"India, South Korea, United States",,1995,G,148 min,"Reality TV, International Movies","A compelling story about friendship, family, and unexpected choices."
s0018,Movie,One More Day 2025,Emma Patel,"Ravi Moore, Priya Sharma","United States, Brazil","June 08, 2021",2006,TV-14,130 min,British TV Shows,A group of strangers discovers a secret that changes their lives forever.
s0019,Movie,One More Day,Ava Wilson,"Emma Brown, Ava Davis, Lucas Sharma, Arjun Davis",Germany,"April 13, 2019",1991,PG,160 min,Drama,"An ambitious journey filled with mystery, humor, and unforgettable moments."
s0020,TV Show,After Midnight,,,Australia,"June 23, 2024",1994,TV-MA,1 Season,"Docuseries, Romantic Movies","A powerful story exploring relationships, identity, and the search for belonging."
s0021,Movie,City of Shadows,Kiran Williams,Alex Garcia,"Japan, Brazil","July 05, 2022",2004,TV-14,175 min,"Stand-Up Comedy, Crime TV Shows","A powerful story exploring relationships, identity, and the search for belonging."
s0022,Movie,The Last Horizon,Jordan Anderson,Ava Wilson,"Australia, India","September 11, 2020",2007,TV-14,142 min,Reality TV,"A powerful story exploring relationships, identity, and the search for belonging."
s0023,TV Show,The Detectives 2013,,"Grace Johnson, Ananya Sharma, Emma Moore","Germany, Australia, India","January 21, 2019",2000,TV-Y7,5 Seasons,"Crime TV Shows, Romantic Movies, International Movies","A powerful story exploring relationships, identity, and the search for belonging."
s0024,TV Show,The Academy,Kiran Kumar,,Brazil,"April 05, 2023",1993,TV-G,5 Seasons,"Action & Adventure, Sci-Fi & Fantasy, International Movies","A powerful story exploring relationships, identity, and the search for belonging."
s0025,Movie,Hidden Truth 2014,Ananya Wilson,Ava Jones,France,"May 29, 2019",2007,TV-MA,162 min,"International Movies, Docuseries, Reality TV",A young protagonist must overcome difficult challenges to find a new beginning.
s0026,TV Show,After Midnight,,"David Kumar, Liam Anderson, Daniel Taylor",Canada,"March 15, 2020",2020,TV-MA,2 Seasons,"Reality TV, Kids' TV, Drama","A powerful story exploring relationships, identity, and the search for belonging."
s0027,Movie,Summer Dreams,Jordan Moore,"Noah Williams, Ethan Thomas, Emily Martin, Emma Johnson",Spain,"January 21, 2020",2020,NR,165 min,"Sci-Fi & Fantasy, Reality TV","A compelling story about friendship, family, and unexpected choices."
s0028,Movie,The Forgotten Road 2017,,Ravi Lee,"Italy, Canada","May 04, 2019",2015,PG,178 min,"Sci-Fi & Fantasy, Thrillers","When an unexpected event occurs, a determined group sets out to uncover the truth."
s0029,TV Show,The Last Kingdom 2022,,,"Germany, Australia","May 08, 2019",2005,TV-Y,1 Season,"Docuseries, Stand-Up Comedy","An ambitious journey filled with mystery, humor, and unforgettable moments."
s0030,Movie,The Secret Garden,,"Mia Thomas, Sophia Johnson, Priya Miller, Ethan Brown",Mexico,"March 17, 2020",1995,TV-14,103 min,International Movies,"A powerful story exploring relationships, identity, and the search for belonging."
s0031,Movie,The Forgotten Road,,Arjun Williams,,"July 14, 2021",2021,G,172 min,Children & Family Movies,A group of strangers discovers a secret that changes their lives forever.
s0032,TV Show,Life in Mumbai,,"Kiran Smith, Ananya Patel, William Martin, Emma Martin",United Kingdom,"July 11, 2024",2008,TV-G,8 Seasons,Thrillers,"A powerful story exploring relationships, identity, and the search for belonging."
s0033,TV Show,Unknown Files,,Olivia Kim,,"February 18, 2024",2016,TV-Y7,6 Seasons,Drama,A group of strangers discovers a secret that changes their lives forever.
s0034,TV Show,Daily Dose 2010,Ethan Moore,Ava Patel,"Brazil, Spain","September 15, 2020",2017,TV-PG,10 Seasons,Docuseries,"An ambitious journey filled with mystery, humor, and unforgettable moments."
s0035,Movie,Summer Dreams,Michael Sharma,Liam Johnson,Italy,,2011,PG,89 min,"British TV Shows, Comedy, Anime Series",A group of strangers discovers a secret that changes their lives forever.
s0036,TV Show,Modern Families,,"Mia Kumar, Ava Johnson","Japan, Brazil","December 28, 2025",1991,TV-MA,2 Seasons,"Thrillers, Documentaries","An ambitious journey filled with mystery, humor, and unforgettable moments."
s0037,Movie,Summer Dreams,,"Noah Moore, Grace Davis, Grace Singh","Japan, United States, Germany","June 14, 2024",1997,TV-MA,147 min,"Drama, Thrillers",A group of strangers discovers a secret that changes their lives forever.
s0038,Movie,One More Day,Olivia Sharma,"Alex Williams, Ravi Wilson, Daniel Patel","South Korea, Brazil","August 31, 2023",2007,TV-MA,171 min,"Children & Family Movies, Drama","A powerful story exploring relationships, identity, and the search for belonging."
s0039,TV Show,Young Hearts,Ava Jackson,"Robert Thomas, Olivia Smith, Priya Kim, Ethan Thomas",France,"December 21, 2023",1990,TV-MA,2 Seasons,"Sci-Fi & Fantasy, Drama",A young protagonist must overcome difficult challenges to find a new beginning.
s0040,Movie,One More Day,,"Sophia Garcia, Isabella Kumar, Thomas Chen, Robert Kumar",India,"January 08, 2024",2009,TV-14,153 min,"International Movies, Docuseries","When an unexpected event occurs, a determined group sets out to uncover the truth."
s0041,Movie,The Last Horizon,Ravi Thomas,"Daniel Johnson, David Jackson, Daniel Davis",Japan,"May 04, 2019",2002,TV-MA,129 min,"Stand-Up Comedy, Documentaries","A powerful story exploring relationships, identity, and the search for belonging."
s0042,TV Show,The New Generation,,Ava Moore,"Australia, Spain","October 31, 2018",1994,TV-Y,1 Season,Stand-Up Comedy,A young protagonist must overcome difficult challenges to find a new beginning.
s0043,TV Show,Young Hearts,,"Olivia Anderson, James Martin, James Sharma","Spain, France","July 10, 2021",2000,TV-G,5 Seasons,Anime Series,"When an unexpected event occurs, a determined group sets out to uncover the truth."
s0044,Movie,Broken Promises,Ananya Martin,Michael Moore,"United Kingdom, South Korea",,1994,TV-MA,180 min,"International Movies, Docuseries, Crime TV Shows","An ambitious journey filled with mystery, humor, and unforgettable moments."
s0045,Movie,The Forgotten Road,,"Daniel Martin, Emily Johnson, Kiran Jones",Spain,"October 08, 2024",1995,G,84 min,"Comedy, Sci-Fi & Fantasy, Stand-Up Comedy","An ambitious journey filled with mystery, humor, and unforgettable moments."
s0046,Movie,Hidden Truth,Jordan Chen,"David Kim, Grace Wilson, James Smith, Liam Patel",Australia,"May 29, 2018",2018,TV-14,160 min,"Comedy, Sci-Fi & Fantasy, Anime Series",A group of strangers discovers a secret that changes their lives forever.
s0047,Movie,City of Shadows,Ananya Taylor,"Michael Kumar, Mia Garcia","Japan, Italy","December 16, 2025",1991,PG,159 min,Stand-Up Comedy,"A compelling story about friendship, family, and unexpected choices."
s0048,TV Show,The Last Kingdom,Ethan Williams,"Emma Kumar, Arjun Lee","Australia, United Kingdom","October 04, 2019",2014,TV-MA,1 Season,"Drama, Kids' TV","When an unexpected event occurs, a determined group sets out to uncover the truth."
s0049,Movie,Lost in Time,Kiran Smith,"Maya Miller, Chris Smith","United States, Italy, United Kingdom","June 01, 2025",2004,NR,154 min,"Thrillers, Sci-Fi & Fantasy","A powerful story exploring relationships, identity, and the search for belonging."
s0050,TV Show,The Family House,,"Kiran Wilson, Liam Thomas","France, Germany","August 30, 2018",1999,TV-Y,2 Seasons,International Movies,"A compelling story about friendship, family, and unexpected choices."
s0051,Movie,Broken Promises,Olivia Smith,"Robert Taylor, Jordan Lee, Grace Williams, Emily Brown",Germany,"May 31, 2021",2017,TV-PG,157 min,Drama,"When an unexpected event occurs, a determined group sets out to uncover the truth."
s0052,TV Show,The Detectives 2012,,Robert Jackson,Japan,"May 28, 2026",2002,TV-PG,5 Seasons,"International Movies, Crime TV Shows","When an unexpected event occurs, a determined group sets out to uncover the truth."
s0053,TV Show,Young Hearts,Ethan Kumar,"Liam Jackson, James Johnson",Canada,,2023,TV-14,1 Season,"Docuseries, Comedy",A group of strangers discovers a secret that changes their lives forever.
s0054,TV Show,Beyond Borders,,Mia Williams,Brazil,"January 07, 2025",1996,TV-MA,4 Seasons,Comedy,"When an unexpected event occurs, a determined group sets out to uncover the truth."
s0055,Movie,Echoes of Tomorrow,,"Mia Thomas, James Taylor, Ravi Patel",Mexico,"September 30, 2022",2004,TV-MA,93 min,British TV Shows,"An ambitious journey filled with mystery, humor, and unforgettable moments."
s0056,Movie,Broken Promises,,,Spain,"August 15, 2022",2009,G,144 min,"Stand-Up Comedy, Reality TV, Kids' TV","An ambitious journey filled with mystery, humor, and unforgettable moments."
s0057,Movie,The Secret Garden,,Michael Chen,"France, South Korea","January 10, 2021",2010,NR,84 min,Documentaries,A young protagonist must overcome difficult challenges to find a new beginning.
s0058,Movie,City of Shadows,Liam Brown,"Robert Davis, Kiran Anderson, Michael Singh",Japan,"December 10, 2018",2001,PG,107 min,"Thrillers, British TV Shows",A young protagonist must overcome difficult challenges to find a new beginning.
s0059,TV Show,Daily Dose,Ethan Jackson,Ava Lee,Japan,"February 27, 2025",2010,TV-14,1 Season,"Anime Series, British TV Shows, Drama",A young protagonist must overcome difficult challenges to find a new beginning.
s0060,Movie,Under the Stars,Michael Kumar,"Alex Brown, Priya Garcia, Jordan Jones",Australia,"April 10, 2022",2016,TV-PG,77 min,"Children & Family Movies, Kids' TV","When an unexpected event occurs, a determined group sets out to uncover the truth."
s0061,TV Show,Beyond Borders,Olivia Taylor,"Kiran Smith, Robert Chen, Maya Williams, Daniel Lee",,"February 27, 2024",1995,TV-Y7,10 Seasons,"Anime Series, Kids' TV","When an unexpected event occurs, a determined group sets out to uncover the truth."
s0062,TV Show,The Family House,Sophia Lee,"Sophia Miller, Mia Taylor, Ananya Chen, Priya Singh","United Kingdom, Japan","May 20, 2024",2008,TV-Y,6 Seasons,"Anime Series, Kids' TV","A compelling story about friendship, family, and unexpected choices."
s0063,Movie,The Last Horizon 2008,Mia Thomas,William Taylor,Germany,"May 19, 2026",2022,G,126 min,"International Movies, Children & Family Movies","A powerful story exploring relationships, identity, and the search for belonging."
s0064,TV Show,Life in Mumbai 2018,,Grace Sharma,"Italy, India","March 11, 2024",1995,TV-PG,2 Seasons,Action & Adventure,A group of strangers discovers a secret that changes their lives forever.
s0065,TV Show,Young Hearts,Sophia Garcia,"Mia Singh, Emma Martin, Mia Martin",Australia,"September 24, 2022",2002,TV-MA,3 Seasons,Comedy,"A powerful story exploring relationships, identity, and the search for belonging."
s0066,Movie,Under the Stars,,"Mia Kumar, Noah Kim","South Korea, Japan","June 20, 2023",2000,TV-PG,107 min,"Crime TV Shows, International Movies, British TV Shows","A powerful story exploring relationships, identity, and the search for belonging."
s0067,TV Show,Code Breakers 2011,,,United Kingdom,,2017,TV-MA,5 Seasons,"Children & Family Movies, Drama",A young protagonist must overcome difficult challenges to find a new beginning.
s0068,TV Show,The New Generation 2023,,Ava Martinez,"Brazil, Spain","January 25, 2023",1995,TV-PG,3 Seasons,"Kids' TV, Crime TV Shows, Anime Series","A powerful story exploring relationships, identity, and the search for belonging."
s0069,Movie,Summer Dreams,Kiran Taylor,"Jordan Thomas, Daniel Singh, Emily Williams",United Kingdom,"June 27, 2020",2020,PG,142 min,"International Movies, Anime Series, Sci-Fi & Fantasy","A powerful story exploring relationships, identity, and the search for belonging."
s0070,TV Show,Life in Mumbai 2020,Lucas Singh,"Emma Singh, Grace Sharma, Noah Martinez",Germany,"February 03, 2019",2012,TV-Y,1 Season,Sci-Fi & Fantasy,A young protagonist must overcome difficult challenges to find a new beginning.
s0071,TV Show,Hidden Lives 2016,,"James Miller, Michael Smith, Daniel Jones, Alex Lee","Canada, United States","April 23, 2018",2015,TV-Y,1 Season,"Romantic Movies, Thrillers, Stand-Up Comedy","A compelling story about friendship, family, and unexpected choices."
s0072,TV Show,City Stories,Mia Brown,Liam Martin,Germany,"February 08, 2026",1990,TV-Y,1 Season,Thrillers,"A compelling story about friendship, family, and unexpected choices."
s0073,TV Show,The Detectives,,,United States,"January 16, 2021",2006,TV-MA,3 Seasons,"Children & Family Movies, Documentaries","An ambitious journey filled with mystery, humor, and unforgettable moments."
s0074,Movie,Midnight Streets,Daniel Kumar,"Noah Singh, Olivia Jones, Thomas Sharma, Chris Kim",South Korea,"June 17, 2019",1998,R,118 min,"Reality TV, Comedy, International Movies",A group of strangers discovers a secret that changes their lives forever.
s0075,Movie,Hidden Truth,James Taylor,,Italy,"December 22, 2018",1990,R,179 min,Action & Adventure,A young protagonist must overcome difficult challenges to find a new beginning.
s0076,Movie,A Second Chance,Chris Davis,"Chris Davis, James Martinez",India,"August 24, 2025",2019,TV-PG,120 min,Action & Adventure,A young protagonist must overcome difficult challenges to find a new beginning.
s0077,Movie,The Forgotten Road,James Brown,"William Sharma, Ananya Moore",India,"January 31, 2025",2021,TV-PG,174 min,"International Movies, Crime TV Shows, Documentaries","An ambitious journey filled with mystery, humor, and unforgettable moments."
s0078,Movie,The Final Journey,Ava Thomas,"David Wilson, Olivia Martin, Emma Moore",Brazil,"October 24, 2022",2002,R,178 min,"Docuseries, Documentaries, Thrillers",A young protagonist must overcome difficult challenges to find a new beginning.
s0079,Movie,City of Shadows,,"Alex Thomas, James Sharma","United States, Spain, Canada","May 10, 2019",2019,R,90 min,"British TV Shows, Kids' TV","A compelling story about friendship, family, and unexpected choices."
s0080,TV Show,The Family House,,Grace Martin,Italy,"July 28, 2025",2024,TV-PG,2 Seasons,Kids' TV,A group of strangers discovers a secret that changes their lives forever.
s0081,TV Show,Young Hearts,William Taylor,"Noah Patel, James Jackson, Kiran Jackson, Priya Brown","France, United States, South Korea","February 13, 2025",2018,TV-Y7,10 Seasons,Drama,"An ambitious journey filled with mystery, humor, and unforgettable moments."
s0082,TV Show,The Family House,Jordan Sharma,Chris Martin,Spain,"August 30, 2025",2025,TV-Y7,4 Seasons,British TV Shows,"An ambitious journey filled with mystery, humor, and unforgettable moments."
s0083,Movie,Under the Stars,Daniel Miller,"James Davis, Alex Lee, Maya Miller",,"April 14, 2018",2013,TV-14,121 min,"Comedy, Stand-Up Comedy","A compelling story about friendship, family, and unexpected choices."
s0084,Movie,Summer Dreams 2016,Liam Williams,Ananya Patel,"Japan, South Korea","February 19, 2024",2008,R,158 min,"International Movies, Reality TV",A young protagonist must overcome difficult challenges to find a new beginning.
s0085,Movie,The Forgotten Road,Ethan Brown,,United States,"September 03, 2021",2021,G,148 min,"Documentaries, Docuseries","A powerful story exploring relationships, identity, and the search for belonging."
s0086,TV Show,The New Generation,Lucas Garcia,"Thomas Davis, Lucas Thomas, Maya Miller, Ananya Lee",United Kingdom,"July 18, 2022",1991,TV-MA,3 Seasons,British TV Shows,A young protagonist must overcome difficult challenges to find a new beginning.
s0087,Movie,Midnight Streets,Jordan Kim,William Brown,Spain,"October 27, 2020",1993,TV-PG,104 min,"Reality TV, British TV Shows","When an unexpected event occurs, a determined group sets out to uncover the truth."
s0088,TV Show,The Academy 2020,,Emma Patel,"Japan, India","August 30, 2021",1992,TV-G,3 Seasons,Reality TV,"An ambitious journey filled with mystery, humor, and unforgettable moments."
s0089,Movie,Broken Promises,Thomas Davis,,"Spain, India","March 04, 2018",2017,PG-13,120 min,"Kids' TV, Reality TV","A compelling story about friendship, family, and unexpected choices."
s0090,TV Show,The Last Kingdom,,"Chris Brown, Mia Anderson, Emily Anderson, Ravi Miller",Italy,"July 21, 2019",2019,TV-Y,1 Season,International Movies,"A powerful story exploring relationships, identity, and the search for belonging."
s0091,Movie,City of Shadows,,"James Chen, Ava Kim",Brazil,"June 10, 2026",2017,PG,79 min,Docuseries,"An ambitious journey filled with mystery, humor, and unforgettable moments."
s0092,Movie,One More Day,Alex Singh,Ananya Williams,France,"January 28, 2024",2006,TV-14,107 min,"International Movies, Thrillers","A compelling story about friendship, family, and unexpected choices."
s0093,TV Show,Worlds Apart,,Sophia Kim,Canada,"November 21, 2025",2007,TV-Y,3 Seasons,British TV Shows,"An ambitious journey filled with mystery, humor, and unforgettable moments."
s0094,Movie,The Secret Garden,Ananya Chen,"Kiran Davis, Ravi Sharma, Isabella Chen",South Korea,"July 12, 2021",1996,NR,138 min,"Comedy, International Movies","A powerful story exploring relationships, identity, and the search for belonging."
s0095,Movie,A Second Chance,Sophia Thomas,"Lucas Anderson, James Martinez, Ava Lee",Japan,"December 25, 2025",2016,PG,150 min,Children & Family Movies,"A powerful story exploring relationships, identity, and the search for belonging."
s0096,TV Show,The Next Chapter,,,Canada,"February 12, 2026",2000,TV-Y,2 Seasons,"Docuseries, Reality TV, Children & Family Movies",A young protagonist must overcome difficult challenges to find a new beginning.
s0097,Movie,One More Day,Michael Patel,,Japan,"May 10, 2022",2007,PG-13,132 min,Stand-Up Comedy,"When an unexpected event occurs, a determined group sets out to uncover the truth."
s0098,Movie,The Great Escape,James Brown,Robert Sharma,France,"June 07, 2026",2009,NR,139 min,Stand-Up Comedy,"A powerful story exploring relationships, identity, and the search for belonging."
s0099,TV Show,Inside the Case,,,Germany,"August 03, 2023",1992,TV-Y,2 Seasons,"Action & Adventure, Stand-Up Comedy, Drama",A young protagonist must overcome difficult challenges to find a new beginning.
s0100,Movie,Beyond the River 2005,Lucas Brown,Ava Anderson,"Germany, United States","July 24, 2020",2001,PG,175 min,Documentaries,"A compelling story about friendship, family, and unexpected choices."
s0101,TV Show,Modern Families,,"Michael Williams, Sophia Kim","Brazil, Spain","February 22, 2018",2017,TV-Y,2 Seasons,Crime TV Shows,"When an unexpected event occurs, a determined group sets out to uncover the truth."
s0102,Movie,The Secret Garden,Thomas Williams,"Grace Martin, Maya Jackson, Robert Wilson, Ananya Lee",Spain,"July 27, 2026",2013,PG-13,106 min,"Anime Series, Romantic Movies",A group of strangers discovers a secret that changes their lives forever.
s0103,TV Show,The Academy,Mia Kumar,"Olivia Smith, Emma Wilson, Thomas Singh",Japan,"March 13, 2018",1997,TV-14,4 Seasons,Crime TV Shows,"A powerful story exploring relationships, identity, and the search for belonging."
s0104,TV Show,Life in Mumbai,,Ethan Sharma,"France, Canada","October 07, 2023",2023,TV-MA,8 Seasons,British TV Shows,"An ambitious journey filled with mystery, humor, and unforgettable moments."
s0105,Movie,The Last Horizon,,Ava Williams,"Australia, Italy, United Kingdom","November 16, 2024",2016,PG,116 min,"Romantic Movies, Action & Adventure, Drama",A group of strangers discovers a secret that changes their lives forever.
s0106,TV Show,The Family House,,Kiran Williams,"France, United Kingdom, Spain","June 14, 2019",2016,TV-Y,2 Seasons,"Romantic Movies, Comedy","A compelling story about friendship, family, and unexpected choices."
s0107,TV Show,Life in Mumbai 2004,,Maya Kim,Mexico,"May 31, 2022",2014,TV-14,5 Seasons,"Drama, Reality TV, Thrillers","When an unexpected event occurs, a determined group sets out to uncover the truth."
s0108,TV Show,Daily Dose,Isabella Wilson,"Ananya Kumar, Grace Brown",Canada,"January 25, 2019",2015,TV-MA,5 Seasons,"Thrillers, Sci-Fi & Fantasy","An ambitious journey filled with mystery, humor, and unforgettable moments."
s0109,TV Show,Daily Dose,Ethan Brown,,"Italy, Germany, South Korea","March 15, 2025",1991,TV-Y,4 Seasons,Sci-Fi & Fantasy,A group of strangers discovers a secret that changes their lives forever.
s0110,TV Show,Young Hearts,,"Emma Martin, Ananya Anderson, Michael Taylor",Italy,"March 19, 2023",2011,TV-MA,4 Seasons,Romantic Movies,"A compelling story about friendship, family, and unexpected choices."
s0111,Movie,A Second Chance,,"Emma Patel, Emily Singh, Grace Williams",,"October 03, 2023",2007,TV-PG,157 min,British TV Shows,A group of strangers discovers a secret that changes their lives forever.
s0112,Movie,Broken Promises 2014,,Ananya Chen,United Kingdom,"March 05, 2018",2010,TV-MA,78 min,"Horror Movies, Comedy, Drama","When an unexpected event occurs, a determined group sets out to uncover the truth."
s0113,Movie,Echoes of Tomorrow,,"Jordan Martin, Thomas Taylor, Thomas Miller, Daniel Singh","Mexico, Spain","April 25, 2026",1993,TV-14,143 min,Horror Movies,"An ambitious journey filled with mystery, humor, and unforgettable moments."
s0114,TV Show,City Stories,,,,"December 15, 2024",2000,TV-Y7,2 Seasons,"Children & Family Movies, Stand-Up Comedy, Sci-Fi & Fantasy",A young protagonist must overcome difficult challenges to find a new beginning.
s0115,TV Show,The Detectives,William Kim,"Chris Garcia, James Martinez, Thomas Jackson, Mia Jones",United Kingdom,"June 11, 2019",2003,TV-Y,4 Seasons,Reality TV,"When an unexpected event occurs, a determined group sets out to uncover the truth."
s0116,TV Show,The Family House,Priya Smith,Liam Williams,,"February 12, 2018",2004,TV-14,4 Seasons,"Kids' TV, Crime TV Shows","A powerful story exploring relationships, identity, and the search for belonging."
s0117,TV Show,Hidden Lives,,"Alex Williams, Kiran Williams, Chris Moore",Australia,"February 09, 2021",2018,TV-14,6 Seasons,"Reality TV, Docuseries","When an unexpected event occurs, a determined group sets out to uncover the truth."
s0118,TV Show,Young Hearts,,"David Jackson, Ethan Davis, Emily Anderson",Germany,"March 03, 2019",2019,TV-14,5 Seasons,"Drama, Action & Adventure","An ambitious journey filled with mystery, humor, and unforgettable moments."
s0119,TV Show,The Family House,Olivia Thomas,"Mia Jackson, Michael Sharma, Michael Patel, Mia Garcia",India,"December 22, 2025",2008,TV-Y7,1 Season,"Kids' TV, Horror Movies",A group of strangers discovers a secret that changes their lives forever.
s0120,Movie,Parallel Lives,,"Ethan Thomas, Ananya Jackson",Brazil,"May 28, 2024",2013,NR,112 min,Stand-Up Comedy,"An ambitious journey filled with mystery, humor, and unforgettable moments."
s0121,Movie,Beyond the River,James Patel,Olivia Kim,Italy,,2022,G,111 min,"Children & Family Movies, Thrillers","A powerful story exploring relationships, identity, and the search for belonging."
s0122,Movie,One More Day 2017,James Martinez,"Noah Chen, Emily Taylor, Ravi Martin, Lucas Jones",Germany,"August 12, 2018",2017,R,76 min,"British TV Shows, Crime TV Shows, Children & Family Movies",A group of strangers discovers a secret that changes their lives forever.
s0123,Movie,One More Day,,"Isabella Jackson, Robert Sharma, Priya Kumar",Germany,"May 02, 2024",1990,PG-13,77 min,"Thrillers, British TV Shows, Crime TV Shows","A compelling story about friendship, family, and unexpected choices."
s0124,Movie,The Forgotten Road 2012,Chris Thomas,,Italy,"December 25, 2020",2007,TV-MA,80 min,Thrillers,"An ambitious journey filled with mystery, humor, and unforgettable moments."
s0125,TV Show,The New Generation,,"Maya Kim, Liam Wilson, Liam Taylor",Mexico,"April 02, 2024",1997,TV-MA,1 Season,"Drama, Stand-Up Comedy","When an unexpected event occurs, a determined group sets out to uncover the truth."
s0126,TV Show,Modern Families,,David Davis,Germany,"April 15, 2024",1995,TV-Y,3 Seasons,Documentaries,"An ambitious journey filled with mystery, humor, and unforgettable moments."
s0127,Movie,The Great Escape,,"David Taylor, Isabella Thomas",France,"August 31, 2023",1995,NR,92 min,"Action & Adventure, Crime TV Shows, Romantic Movies",A young protagonist must overcome difficult challenges to find a new beginning.
s0128,Movie,City of Shadows,Daniel Wilson,"Kiran Taylor, Ethan Miller","Italy, Spain","July 03, 2019",2002,TV-MA,169 min,"Romantic Movies, Thrillers, Drama","A powerful story exploring relationships, identity, and the search for belonging."
s0129,TV Show,The Last Kingdom,,"James Singh, Emily Patel, Ava Kim, Robert Singh",United States,"December 27, 2025",2008,TV-14,2 Seasons,Anime Series,"A powerful story exploring relationships, identity, and the search for belonging."
s0130,TV Show,The Detectives,,,United States,"August 28, 2021",1997,TV-Y,5 Seasons,Comedy,"When an unexpected event occurs, a determined group sets out to uncover the truth."
s0131,Movie,City of Shadows,Liam Smith,"Ava Martin, William Johnson","Italy, Mexico",,1997,PG,149 min,"Drama, British TV Shows","A compelling story about friendship, family, and unexpected choices."
s0132,Movie,Midnight Streets,Olivia Jackson,Ethan Patel,Mexico,"June 30, 2024",2014,TV-MA,136 min,Docuseries,A group of strangers discovers a secret that changes their lives forever.
s0133,Movie,Beyond the River,Lucas Kim,Emma Miller,"South Korea, Spain","December 01, 2023",2002,NR,160 min,"Crime TV Shows, Documentaries","When an unexpected event occurs, a determined group sets out to uncover the truth."
s0134,TV Show,The Family House,Robert Davis,"Noah Taylor, Thomas Johnson, Alex Patel, Grace Chen",United States,"April 04, 2019",2018,TV-Y7,10 Seasons,"Crime TV Shows, Action & Adventure, Comedy","When an unexpected event occurs, a determined group sets out to uncover the truth."
s0135,TV Show,Unknown Files,Alex Garcia,"David Kim, William Garcia, Alex Kim, Ava Martinez",Australia,"December 07, 2024",2006,TV-Y7,2 Seasons,Kids' TV,A group of strangers discovers a secret that changes their lives forever.
s0136,Movie,One More Day 2012,Ravi Smith,"David Miller, Thomas Miller, Ravi Johnson, Daniel Martinez","Canada, Germany","April 18, 2021",2003,PG-13,118 min,International Movies,A group of strangers discovers a secret that changes their lives forever.
s0137,Movie,Into the Wild,William Lee,Kiran Taylor,"South Korea, Germany","October 07, 2021",1991,NR,130 min,Comedy,A group of strangers discovers a secret that changes their lives forever.
s0138,TV Show,Modern Families,,"Jordan Smith, Thomas Singh, Emily Moore",Spain,"September 13, 2022",2021,TV-Y7,6 Seasons,"Kids' TV, Sci-Fi & Fantasy, British TV Shows",A group of strangers discovers a secret that changes their lives forever.
s0139,Movie,Parallel Lives,Lucas Miller,"Emily Moore, Ravi Moore, Alex Martin, Mia Johnson",Australia,"February 02, 2019",1991,TV-PG,174 min,Horror Movies,A group of strangers discovers a secret that changes their lives forever.
s0140,TV Show,Daily Dose,Kiran Johnson,Emma Lee,"United States, Germany","March 19, 2019",1996,TV-Y,2 Seasons,"Children & Family Movies, Comedy","An ambitious journey filled with mystery, humor, and unforgettable moments."
s0141,Movie,The Long Road Home,Robert Martinez,"Emily Anderson, Jordan Davis, Robert Singh, Emma Moore","Spain, Brazil","October 04, 2019",2008,TV-PG,100 min,"Stand-Up Comedy, Crime TV Shows, Horror Movies",A group of strangers discovers a secret that changes their lives forever.
s0142,TV Show,Inside the Case,,"James Smith, Ananya Kumar","Brazil, United Kingdom","October 06, 2023",1995,TV-14,1 Season,"Stand-Up Comedy, Action & Adventure","An ambitious journey filled with mystery, humor, and unforgettable moments."
s0143,Movie,Parallel Lives,Thomas Thomas,Robert Brown,Canada,"July 31, 2020",2020,NR,116 min,Sci-Fi & Fantasy,"An ambitious journey filled with mystery, humor, and unforgettable moments."
s0144,Movie,The Last Horizon 2017,Jordan Martinez,"Thomas Garcia, Sophia Taylor, Liam Jackson","United States, Japan","March 21, 2022",2002,NR,86 min,"Docuseries, British TV Shows","An ambitious journey filled with mystery, humor, and unforgettable moments."
s0145,Movie,Under the Stars,David Smith,"Sophia Miller, Thomas Martin","India, Mexico","May 27, 2020",2020,TV-PG,174 min,"Comedy, Crime TV Shows, Documentaries","A compelling story about friendship, family, and unexpected choices."
s0146,Movie,City of Shadows 2014,Noah Anderson,"Isabella Moore, Ethan Jones","Japan, Germany","June 27, 2026",2004,TV-PG,146 min,Horror Movies,"An ambitious journey filled with mystery, humor, and unforgettable moments."
s0147,Movie,Hidden Truth 2005,Lucas Miller,Arjun Brown,"Italy, Brazil","August 27, 2021",2001,PG,120 min,British TV Shows,A young protagonist must overcome difficult challenges to find a new beginning.
s0148,Movie,One More Day,Chris Martin,"Liam Sharma, William Sharma",Spain,"March 26, 2018",2003,PG,91 min,Reality TV,"When an unexpected event occurs, a determined group sets out to uncover the truth."
s0149,Movie,The Great Escape,Alex Martin,,"Brazil, Germany","May 01, 2021",2021,PG,174 min,Docuseries,"When an unexpected event occurs, a determined group sets out to uncover the truth."
s0150,Movie,Parallel Lives,,"Daniel Wilson, Sophia Brown, David Jones",,"January 09, 2021",1996,R,126 min,"Horror Movies, Stand-Up Comedy, International Movies","When an unexpected event occurs, a determined group sets out to uncover the truth."
s0151,Movie,A Second Chance,,"Robert Kim, Jordan Miller, Daniel Kumar, Kiran Davis","India, Australia","January 10, 2021",2018,PG-13,131 min,Action & Adventure,"An ambitious journey filled with mystery, humor, and unforgettable moments."
s0152,TV Show,After Midnight,,"David Martin, Ravi Singh",,"December 11, 2019",2019,TV-MA,3 Seasons,Action & Adventure,A group of strangers discovers a secret that changes their lives forever.
s0153,Movie,Hidden Truth 2011,Thomas Singh,,Japan,,2002,TV-14,160 min,Crime TV Shows,A young protagonist must overcome difficult challenges to find a new beginning.
s0154,Movie,The Forgotten Road,,"Sophia Miller, Sophia Johnson, David Taylor",,"February 03, 2025",2023,TV-14,164 min,Kids' TV,A young protagonist must overcome difficult challenges to find a new beginning.
s0155,Movie,The Long Road Home 2005,,"Ananya Jones, Maya Martinez, James Martin, Ethan Martin",Brazil,"June 21, 2025",2002,PG-13,119 min,"Horror Movies, British TV Shows, Thrillers","When an unexpected event occurs, a determined group sets out to uncover the truth."
s0156,Movie,Midnight Streets 2008,Ravi Patel,"Ethan Williams, Noah Johnson","South Korea, Mexico, India","July 12, 2026",2014,TV-MA,127 min,"Sci-Fi & Fantasy, Stand-Up Comedy, Children & Family Movies",A group of strangers discovers a secret that changes their lives forever.
s0157,Movie,Summer Dreams,Thomas Kumar,"Ananya Davis, Mia Thomas",Canada,"September 18, 2022",2016,TV-MA,135 min,Sci-Fi & Fantasy,"An ambitious journey filled with mystery, humor, and unforgettable moments."
s0158,Movie,Parallel Lives,,"Chris Anderson, James Anderson, Daniel Taylor",United Kingdom,"November 27, 2025",2017,PG,82 min,Anime Series,"A compelling story about friendship, family, and unexpected choices."
s0159,Movie,A Second Chance,Lucas Williams,"Daniel Patel, Robert Patel, Ananya Sharma, Noah Kim",Germany,"April 09, 2022",1999,G,126 min,"Kids' TV, Reality TV",A group of strangers discovers a secret that changes their lives forever.
s0160,Movie,The Forgotten Road 2001,Sophia Anderson,Maya Patel,Germany,"September 15, 2023",2019,PG-13,143 min,International Movies,"An ambitious journey filled with mystery, humor, and unforgettable moments."
s0161,TV Show,After Midnight,,Grace Patel,United Kingdom,"February 20, 2021",2008,TV-PG,1 Season,Stand-Up Comedy,"A powerful story exploring relationships, identity, and the search for belonging."
s0162,TV Show,The Detectives,,"Priya Davis, Sophia Brown, Maya Jackson, Alex Garcia","Japan, Italy","March 02, 2025",2009,TV-G,2 Seasons,Stand-Up Comedy,"A powerful story exploring relationships, identity, and the search for belonging."
s0163,TV Show,The Next Chapter,,,Mexico,"May 03, 2026",2014,TV-MA,2 Seasons,Anime Series,"When an unexpected event occurs, a determined group sets out to uncover the truth."
s0164,TV Show,The Academy,Emma Miller,"William Smith, Noah Jones, Noah Smith, Ava Patel",Spain,"June 16, 2018",2018,TV-Y,6 Seasons,"British TV Shows, Drama",A young protagonist must overcome difficult challenges to find a new beginning.
s0165,Movie,The Long Road Home,Lucas Lee,"James Moore, Michael Jackson","United Kingdom, Australia","February 13, 2020",2011,TV-PG,100 min,Kids' TV,"A powerful story exploring relationships, identity, and the search for belonging."
s0166,Movie,A Second Chance,,Jordan Jones,"Japan, Spain","November 29, 2018",2001,PG-13,129 min,"Horror Movies, Comedy, Docuseries",A group of strangers discovers a secret that changes their lives forever.
s0167,Movie,Hidden Truth 2009,,"Olivia Brown, Kiran Martin, Emily Wilson, Ravi Garcia",Canada,"May 21, 2026",1995,R,89 min,"Anime Series, Reality TV","When an unexpected event occurs, a determined group sets out to uncover the truth."
s0168,Movie,The Forgotten Road,Ananya Sharma,Noah Jones,"Canada, Australia, Italy","August 16, 2025",1992,PG-13,143 min,Children & Family Movies,A young protagonist must overcome difficult challenges to find a new beginning.
s0169,TV Show,City Stories 2020,,Lucas Patel,"Japan, United Kingdom, Mexico","November 18, 2025",2025,TV-14,3 Seasons,International Movies,A group of strangers discovers a secret that changes their lives forever.
s0170,Movie,Under the Stars,Ravi Kumar,"Ethan Brown, Thomas Anderson","Brazil, Canada","September 05, 2019",2019,NR,173 min,"International Movies, Sci-Fi & Fantasy","When an unexpected event occurs, a determined group sets out to uncover the truth."
s0171,Movie,Under the Stars,,"Ravi Anderson, Emily Jackson, Robert Brown",France,"November 01, 2025",1996,NR,81 min,Kids' TV,"A compelling story about friendship, family, and unexpected choices."
s0172,Movie,Parallel Lives,,"Lucas Kumar, David Chen, Ananya Singh, Emma Johnson","India, United States","April 10, 2024",2004,TV-14,156 min,"Drama, Horror Movies, British TV Shows",A group of strangers discovers a secret that changes their lives forever.
s0173,Movie,A Second Chance,,"Emily Sharma, Emma Johnson, David Kim",Italy,"April 04, 2026",2022,G,173 min,Crime TV Shows,"A powerful story exploring relationships, identity, and the search for belonging."
s0174,Movie,Lost in Time,Mia Moore,"Mia Kumar, Kiran Wilson",United States,"August 23, 2024",2017,R,168 min,Thrillers,"A powerful story exploring relationships, identity, and the search for belonging."
s0175,Movie,Midnight Streets 2004,James Lee,"Thomas Singh, Ravi Taylor","Australia, United Kingdom","August 10, 2024",1996,NR,104 min,"Comedy, Drama",A young protagonist must overcome difficult challenges to find a new beginning.
s0176,Movie,The Great Escape,,"Kiran Smith, Ava Davis",France,"March 08, 2023",1997,TV-MA,113 min,Thrillers,"An ambitious journey filled with mystery, humor, and unforgettable moments."
s0177,Movie,The Final Journey,,"Emily Smith, Ava Jackson, Ethan Kim",Australia,"August 27, 2025",2004,TV-PG,106 min,Reality TV,"A powerful story exploring relationships, identity, and the search for belonging."
s0178,Movie,The Silent House,Arjun Singh,"David Thomas, Maya Brown, Ethan Patel, James Kim",Japan,"December 02, 2025",2024,TV-14,84 min,Reality TV,A young protagonist must overcome difficult challenges to find a new beginning.
s0179,Movie,Lost in Time,,"Ravi Thomas, Lucas Jones, Sophia Thomas, Priya Singh","South Korea, Mexico","October 31, 2022",2020,TV-14,180 min,Comedy,"A powerful story exploring relationships, identity, and the search for belonging."
s0180,Movie,Echoes of Tomorrow,,"David Moore, Emma Garcia, Michael Johnson, David Kim",Australia,"September 01, 2020",2007,TV-14,160 min,British TV Shows,"When an unexpected event occurs, a determined group sets out to uncover the truth."
s0181,Movie,The Forgotten Road 2005,Priya Moore,Olivia Moore,Italy,"December 12, 2021",2009,NR,84 min,"British TV Shows, Thrillers","A powerful story exploring relationships, identity, and the search for belonging."
s0182,Movie,The Long Road Home,Maya Anderson,James Anderson,"Italy, Australia","November 07, 2018",2013,TV-MA,174 min,"Kids' TV, Documentaries","An ambitious journey filled with mystery, humor, and unforgettable moments."
s0183,Movie,Hidden Truth,Daniel Martin,"Ravi Miller, Priya Miller","South Korea, Canada","April 20, 2026",2000,R,137 min,Sci-Fi & Fantasy,A young protagonist must overcome difficult challenges to find a new beginning.
s0184,Movie,The Long Road Home,Kiran Miller,"Ethan Martinez, Sophia Kim","France, Brazil",,1994,TV-PG,131 min,"Reality TV, Kids' TV","When an unexpected event occurs, a determined group sets out to uncover the truth."
s0185,Movie,The Long Road Home,Isabella Jackson,"Olivia Thomas, Emily Wilson, Emily Martinez, Priya Chen",Mexico,"August 22, 2023",2003,TV-14,95 min,Reality TV,"An ambitious journey filled with mystery, humor, and unforgettable moments."
s0186,TV Show,The Family House 2024,,"Alex Martin, Grace Taylor, Ravi Taylor",France,"May 07, 2022",2022,TV-G,8 Seasons,Action & Adventure,"When an unexpected event occurs, a determined group sets out to uncover the truth."
s0187,Movie,The Forgotten Road,Michael Thomas,,"United Kingdom, South Korea","March 29, 2018",2010,TV-14,105 min,"Kids' TV, Docuseries, Sci-Fi & Fantasy","A powerful story exploring relationships, identity, and the search for belonging."
s0188,Movie,Midnight Streets,Mia Smith,"William Kim, Jordan Jackson, Emily Smith","Germany, Brazil","November 04, 2018",1996,TV-14,154 min,Thrillers,A young protagonist must overcome difficult challenges to find a new beginning.
s0189,Movie,Echoes of Tomorrow,Emma Miller,"Arjun Johnson, Isabella Smith, Ravi Singh",Spain,"September 13, 2025",2007,PG,150 min,Crime TV Shows,A group of strangers discovers a secret that changes their lives forever.
s0190,Movie,One More Day,Priya Jones,"Lucas Moore, Isabella Singh, Robert Davis, Thomas Jones",,"March 22, 2019",1993,PG-13,89 min,Kids' TV,"A powerful story exploring relationships, identity, and the search for belonging."
s0191,Movie,Beyond the River,Ethan Anderson,"Emily Thomas, Ethan Patel","Brazil, Spain, United Kingdom","July 20, 2025",1994,TV-PG,134 min,"Thrillers, Romantic Movies, Horror Movies","A compelling story about friendship, family, and unexpected choices."
s0192,Movie,Into the Wild,,"Thomas Chen, Daniel Davis, Mia Brown",Mexico,"May 27, 2020",2019,PG,148 min,"British TV Shows, Anime Series","A compelling story about friendship, family, and unexpected choices."
s0193,Movie,The Forgotten Road,,"Maya Brown, Michael Anderson",South Korea,"July 18, 2023",1990,TV-14,154 min,Kids' TV,"An ambitious journey filled with mystery, humor, and unforgettable moments."
s0194,Movie,City of Shadows,Grace Garcia,"Mia Thomas, Ethan Wilson, Daniel Moore",Germany,"December 12, 2020",2020,TV-PG,141 min,"Romantic Movies, Comedy, Children & Family Movies","A powerful story exploring relationships, identity, and the search for belonging."
s0195,TV Show,The Family House,,Emma Wilson,"Canada, Mexico","November 02, 2024",2005,TV-14,3 Seasons,"Crime TV Shows, Anime Series","An ambitious journey filled with mystery, humor, and unforgettable moments."
s0196,Movie,The Forgotten Road,Lucas Smith,"Michael Davis, Lucas Jackson","Germany, Japan, United Kingdom","July 15, 2025",2004,PG-13,123 min,"Kids' TV, Documentaries, Children & Family Movies","A compelling story about friendship, family, and unexpected choices."
s0197,Movie,The Forgotten Road,Noah Lee,"William Anderson, Daniel Garcia, William Martin, Olivia Thomas",South Korea,"November 14, 2022",2022,TV-MA,79 min,Kids' TV,A young protagonist must overcome difficult challenges to find a new beginning.
s0198,Movie,The Forgotten Road,Grace Williams,,Italy,"October 17, 2022",2022,G,138 min,Stand-Up Comedy,"A compelling story about friendship, family, and unexpected choices."
s0199,Movie,The Long Road Home,Ethan Lee,"Ravi Taylor, Thomas Anderson, Isabella Miller",India,"November 20, 2020",2009,TV-MA,177 min,Sci-Fi & Fantasy,"A powerful story exploring relationships, identity, and the search for belonging."
s0200,Movie,Into the Wild,William Miller,Sophia Williams,Germany,"February 06, 2023",2020,TV-MA,142 min,"Sci-Fi & Fantasy, Action & Adventure, Thrillers","A compelling story about friendship, family, and unexpected choices."
s0201,TV Show,Code Breakers 2020,,"Arjun Martin, Kiran Jackson, Arjun Kumar","France, Italy","December 10, 2023",2016,TV-14,3 Seasons,Comedy,"A powerful story exploring relationships, identity, and the search for belonging."
s0202,Movie,Beyond the River,,"Ethan Miller, Arjun Johnson, Priya Chen",Australia,"May 07, 2021",2020,G,148 min,Thrillers,"An ambitious journey filled with mystery, humor, and unforgettable moments."
s0203,Movie,The Long Road Home,Ava Lee,"James Brown, Grace Jones, David Miller, Ava Smith",France,"November 19, 2025",2003,PG-13,145 min,Action & Adventure,"When an unexpected event occurs, a determined group sets out to uncover the truth."
s0204,Movie,The Long Road Home,,Ravi Martin,"Italy, Germany","February 07, 2018",2018,NR,110 min,Sci-Fi & Fantasy,"A compelling story about friendship, family, and unexpected choices."
s0205,TV Show,The Academy,,"Emma Chen, Ethan Davis, Arjun Kim, Isabella Johnson",South Korea,"February 21, 2019",2004,TV-Y,8 Seasons,Romantic Movies,"A compelling story about friendship, family, and unexpected choices."
s0206,Movie,One More Day,Ananya Kim,"Isabella Martinez, Ravi Brown, Noah Sharma, Sophia Kim","Spain, United States","October 06, 2019",2019,PG-13,168 min,Comedy,"An ambitious journey filled with mystery, humor, and unforgettable moments."
s0207,TV Show,The Academy,,"Isabella Jackson, Ava Jackson, Kiran Martinez",Italy,"January 22, 2026",1996,TV-14,4 Seasons,"Thrillers, Action & Adventure, Reality TV","A compelling story about friendship, family, and unexpected choices."
s0208,Movie,The Long Road Home,Maya Kim,"Liam Garcia, Noah Martinez, Daniel Lee, Emily Moore",Japan,"March 10, 2022",1993,R,169 min,Horror Movies,"An ambitious journey filled with mystery, humor, and unforgettable moments."
s0209,Movie,Into the Wild,Michael Jones,Lucas Singh,Mexico,"November 15, 2022",1992,PG-13,75 min,Horror Movies,A young protagonist must overcome difficult challenges to find a new beginning.
s0210,Movie,Broken Promises,Olivia Chen,"Grace Martinez, James Smith, Chris Sharma, Kiran Wilson","Brazil, France","May 22, 2024",2012,G,176 min,Children & Family Movies,"When an unexpected event occurs, a determined group sets out to uncover the truth."
s0211,Movie,The Last Horizon,Lucas Smith,"James Patel, Liam Singh","United Kingdom, Japan","August 04, 2022",2013,TV-MA,78 min,"Romantic Movies, Thrillers, Drama","A powerful story exploring relationships, identity, and the search for belonging."
s0212,TV Show,The Travelers,,"Emma Wilson, Priya Davis, Kiran Kim, Jordan Singh",Japan,"January 16, 2019",2019,TV-14,5 Seasons,"Romantic Movies, Children & Family Movies","When an unexpected event occurs, a determined group sets out to uncover the truth."
s0213,Movie,The Forgotten Road,,"Noah Kumar, Grace Martinez, Alex Lee, Grace Miller",South Korea,"September 15, 2022",1994,PG-13,154 min,Anime Series,"An ambitious journey filled with mystery, humor, and unforgettable moments."
s0214,Movie,Under the Stars,David Kim,"Grace Martin, Maya Kim",,"September 25, 2020",2012,NR,163 min,Action & Adventure,"A powerful story exploring relationships, identity, and the search for belonging."
s0215,Movie,The Long Road Home,Daniel Sharma,Ava Martin,India,"February 07, 2026",1999,TV-14,161 min,Thrillers,A young protagonist must overcome difficult challenges to find a new beginning.
s0216,Movie,The Last Horizon 2002,,,Italy,"February 21, 2020",2016,TV-PG,103 min,"Reality TV, Comedy","When an unexpected event occurs, a determined group sets out to uncover the truth."
s0217,Movie,Under the Stars,,"Noah Wilson, Mia Patel, Olivia Jones",Australia,"August 25, 2019",2010,TV-PG,169 min,"Anime Series, Action & Adventure, Stand-Up Comedy",A group of strangers discovers a secret that changes their lives forever.
s0218,Movie,Into the Wild 2011,Thomas Smith,,"Spain, France","November 11, 2020",2018,PG,135 min,Kids' TV,"An ambitious journey filled with mystery, humor, and unforgettable moments."
s0219,Movie,A Second Chance,,,Italy,"June 30, 2024",2001,TV-14,140 min,"Thrillers, Kids' TV, Stand-Up Comedy",A young protagonist must overcome difficult challenges to find a new beginning.
s0220,Movie,The Silent House,,"William Williams, Ravi Martin",Canada,"January 17, 2019",2006,R,133 min,"Crime TV Shows, Horror Movies","An ambitious journey filled with mystery, humor, and unforgettable moments."
s0221,TV Show,Modern Families,,"Ava Jackson, Grace Patel",,"July 01, 2020",1992,TV-PG,1 Season,"Action & Adventure, Crime TV Shows","An ambitious journey filled with mystery, humor, and unforgettable moments."
s0222,Movie,Hidden Truth,Lucas Williams,"Maya Lee, Isabella Thomas, Arjun Davis",India,"December 03, 2021",2013,TV-PG,105 min,Comedy,"A compelling story about friendship, family, and unexpected choices."
s0223,TV Show,Young Hearts,,"Thomas Kim, William Taylor, Emily Sharma, Emily Moore","Australia, Italy, Spain","January 08, 2024",2005,TV-PG,1 Season,Crime TV Shows,A group of strangers discovers a secret that changes their lives forever.
s0224,TV Show,The New Generation,Isabella Johnson,"Chris Williams, Ananya Wilson, Ethan Anderson","South Korea, India, United States","January 01, 2022",2002,TV-MA,1 Season,Reality TV,"A compelling story about friendship, family, and unexpected choices."
s0225,TV Show,Beyond Borders,,"Lucas Anderson, Olivia Martinez, Thomas Anderson",Mexico,"January 28, 2026",1997,TV-Y7,3 Seasons,"Anime Series, Romantic Movies","An ambitious journey filled with mystery, humor, and unforgettable moments."
s0226,Movie,The Silent House,Robert Miller,"Sophia Smith, Noah Davis, Robert Brown, Chris Kim",Italy,"January 29, 2023",2021,TV-PG,158 min,"British TV Shows, Romantic Movies","An ambitious journey filled with mystery, humor, and unforgettable moments."
s0227,TV Show,Worlds Apart,,"David Thomas, Arjun Williams, Ethan Anderson, Kiran Smith",Japan,"July 27, 2018",2002,TV-Y,1 Season,"Kids' TV, Children & Family Movies","An ambitious journey filled with mystery, humor, and unforgettable moments."
s0228,TV Show,The New Generation,,Olivia Johnson,"Japan, Germany","October 09, 2021",2021,TV-Y,10 Seasons,"Children & Family Movies, Horror Movies","An ambitious journey filled with mystery, humor, and unforgettable moments."
s0229,Movie,City of Shadows,,,Italy,"January 07, 2026",2014,TV-14,167 min,British TV Shows,"A powerful story exploring relationships, identity, and the search for belonging."
s0230,Movie,Beyond the River,,"Sophia Patel, Emma Davis, Ananya Williams, Alex Kumar","India, Canada","July 22, 2025",2005,PG,102 min,"Documentaries, Stand-Up Comedy, Thrillers","A compelling story about friendship, family, and unexpected choices."
s0231,Movie,Midnight Streets,,"Liam Jones, Daniel Kim",Mexico,,2018,PG,177 min,"Comedy, Romantic Movies","A powerful story exploring relationships, identity, and the search for belonging."
s0232,Movie,One More Day,,"Thomas Taylor, Daniel Patel, Thomas Singh","South Korea, Japan","October 05, 2022",2003,PG-13,143 min,"International Movies, Sci-Fi & Fantasy","A compelling story about friendship, family, and unexpected choices."
s0233,Movie,The Great Escape,,Olivia Kim,United Kingdom,"August 29, 2020",1994,TV-14,177 min,Anime Series,A group of strangers discovers a secret that changes their lives forever.
s0234,TV Show,Young Hearts,,,,"August 07, 2019",1993,TV-G,6 Seasons,"Stand-Up Comedy, Documentaries","When an unexpected event occurs, a determined group sets out to uncover the truth."
s0235,Movie,Lost in Time,Liam Jackson,Ava Kumar,"France, India","October 16, 2025",2020,R,108 min,"Stand-Up Comedy, Crime TV Shows","An ambitious journey filled with mystery, humor, and unforgettable moments."
s0236,Movie,The Great Escape 2016,Sophia Singh,"James Jones, Liam Kumar",India,"May 15, 2019",2018,TV-PG,92 min,"Documentaries, Drama","An ambitious journey filled with mystery, humor, and unforgettable moments."
s0237,Movie,Parallel Lives,Emma Patel,"Olivia Jackson, Alex Jackson",India,"March 03, 2020",2017,NR,82 min,"Comedy, Kids' TV","A compelling story about friendship, family, and unexpected choices."
s0238,TV Show,Young Hearts,,Sophia Taylor,,"November 22, 2024",2018,TV-Y,8 Seasons,"Sci-Fi & Fantasy, Children & Family Movies","A powerful story exploring relationships, identity, and the search for belonging."
s0239,Movie,Into the Wild,Robert Sharma,"Thomas Miller, Chris Moore, Isabella Martinez","Brazil, Germany, Mexico","March 19, 2026",2000,R,110 min,Horror Movies,"When an unexpected event occurs, a determined group sets out to uncover the truth."
s0240,TV Show,After Midnight,,"Mia Chen, Olivia Moore, Isabella Lee",South Korea,"December 11, 2020",2005,TV-Y7,2 Seasons,Sci-Fi & Fantasy,A group of strangers discovers a secret that changes their lives forever.
s0241,Movie,One More Day,,,Brazil,"October 30, 2019",2009,TV-MA,180 min,"Horror Movies, Romantic Movies, Drama",A group of strangers discovers a secret that changes their lives forever.
s0242,TV Show,After Midnight,Michael Davis,"David Moore, Ravi Lee, Mia Martinez, Alex Thomas","Canada, France","April 07, 2019",2008,TV-G,3 Seasons,"Documentaries, Docuseries","A powerful story exploring relationships, identity, and the search for belonging."
s0243,Movie,Lost in Time,,Daniel Garcia,"Canada, Japan","January 19, 2024",2003,PG-13,146 min,"Anime Series, Documentaries","When an unexpected event occurs, a determined group sets out to uncover the truth."
s0244,Movie,Parallel Lives,Thomas Williams,,Germany,"July 28, 2024",2023,TV-14,82 min,Sci-Fi & Fantasy,"A compelling story about friendship, family, and unexpected choices."
s0245,TV Show,The Detectives,,Emily Garcia,Australia,"March 29, 2020",2001,TV-MA,3 Seasons,"British TV Shows, Kids' TV",A group of strangers discovers a secret that changes their lives forever.
s0246,Movie,Parallel Lives,James Jackson,"James Lee, Liam Garcia, Ravi Thomas, Lucas Martinez",Germany,"September 08, 2020",2014,G,146 min,Kids' TV,"A powerful story exploring relationships, identity, and the search for belonging."
s0247,TV Show,Beyond Borders,,"Robert Davis, Olivia Miller, Grace Kim, Mia Wilson",Italy,"August 02, 2025",2018,TV-MA,3 Seasons,"Docuseries, Reality TV",A young protagonist must overcome difficult challenges to find a new beginning.
s0248,Movie,Lost in Time,,Priya Johnson,"United States, Spain","November 30, 2024",2002,TV-MA,154 min,"Crime TV Shows, Thrillers","A compelling story about friendship, family, and unexpected choices."
s0249,Movie,A Second Chance 2008,Lucas Martin,,"United States, Italy","August 31, 2021",2000,G,111 min,Stand-Up Comedy,A group of strangers discovers a secret that changes their lives forever.
s0250,Movie,Summer Dreams,Daniel Brown,Olivia Sharma,Mexico,"August 08, 2025",2020,TV-MA,163 min,"Drama, Docuseries","A compelling story about friendship, family, and unexpected choices."
s0251,TV Show,Code Breakers,David Chen,"Jordan Miller, David Jones, Daniel Johnson, Thomas Kim",Spain,"July 18, 2024",2018,TV-Y7,4 Seasons,Crime TV Shows,"An ambitious journey filled with mystery, humor, and unforgettable moments."
s0252,Movie,The Long Road Home,Maya Patel,,,"December 12, 2025",1993,G,159 min,Romantic Movies,"A compelling story about friendship, family, and unexpected choices."
s0253,Movie,Midnight Streets,Isabella Sharma,,Brazil,"February 22, 2024",2023,G,144 min,Action & Adventure,"When an unexpected event occurs, a determined group sets out to uncover the truth."
s0254,TV Show,Young Hearts,,"Kiran Patel, Isabella Wilson, James Davis",,"December 05, 2019",2013,TV-Y,3 Seasons,Sci-Fi & Fantasy,A group of strangers discovers a secret that changes their lives forever.
s0255,Movie,The Silent House,Noah Miller,"Jordan Davis, Kiran Williams, James Anderson, Maya Davis",Australia,"March 19, 2021",2012,TV-14,117 min,Stand-Up Comedy,"A compelling story about friendship, family, and unexpected choices."
s0256,TV Show,Modern Families,,"Chris Anderson, Grace Martinez",South Korea,"September 10, 2025",1999,TV-G,3 Seasons,Sci-Fi & Fantasy,"A powerful story exploring relationships, identity, and the search for belonging."
s0257,TV Show,The New Generation,,"Michael Jones, Ravi Lee, Noah Patel, Robert Martin",Australia,"March 26, 2024",2006,TV-PG,3 Seasons,"Docuseries, Anime Series","A compelling story about friendship, family, and unexpected choices."
s0258,Movie,City of Shadows 2012,Noah Martin,Sophia Williams,"United States, Japan, France","December 11, 2024",1999,NR,136 min,"Stand-Up Comedy, Kids' TV","When an unexpected event occurs, a determined group sets out to uncover the truth."
s0259,TV Show,Young Hearts,,Mia Jones,,"March 23, 2026",2020,TV-Y7,3 Seasons,"Stand-Up Comedy, Romantic Movies, Sci-Fi & Fantasy",A young protagonist must overcome difficult challenges to find a new beginning.
s0260,Movie,The Great Escape,David Singh,"Chris Patel, Priya Patel",India,"December 06, 2024",2018,R,164 min,Anime Series,A group of strangers discovers a secret that changes their lives forever.
s0261,Movie,Echoes of Tomorrow,,"Arjun Sharma, Robert Martin, Ananya Garcia","Mexico, India, France","November 24, 2019",2013,TV-14,87 min,"Anime Series, Kids' TV, Sci-Fi & Fantasy","An ambitious journey filled with mystery, humor, and unforgettable moments."
s0262,Movie,Under the Stars,James Kumar,"Emma Wilson, Maya Smith, Ravi Martinez, Ravi Taylor","Italy, United Kingdom","July 20, 2026",2005,PG-13,144 min,"Romantic Movies, Action & Adventure","An ambitious journey filled with mystery, humor, and unforgettable moments."
s0263,Movie,Summer Dreams,Arjun Singh,"Liam Martinez, Chris Chen, Priya Kim","United States, South Korea","November 13, 2022",1999,NR,159 min,International Movies,"An ambitious journey filled with mystery, humor, and unforgettable moments."
s0264,TV Show,Hidden Lives 2016,,"Ethan Johnson, Chris Kumar",Spain,"May 14, 2026",2010,TV-Y,3 Seasons,Thrillers,"A powerful story exploring relationships, identity, and the search for belonging."
s0265,Movie,Parallel Lives,Lucas Kim,"Daniel Brown, Emily Taylor, Noah Martin, Daniel Jones",Spain,"August 18, 2020",2020,R,122 min,Anime Series,"When an unexpected event occurs, a determined group sets out to uncover the truth."
s0266,Movie,Summer Dreams,,,Mexico,"February 26, 2025",2007,TV-PG,154 min,Kids' TV,"An ambitious journey filled with mystery, humor, and unforgettable moments."
s0267,Movie,Echoes of Tomorrow,,"James Chen, Kiran Moore, Grace Jones, Maya Chen","United Kingdom, United States","April 02, 2021",2008,G,155 min,"Docuseries, Action & Adventure","An ambitious journey filled with mystery, humor, and unforgettable moments."
s0268,Movie,Echoes of Tomorrow,,Thomas Williams,United Kingdom,"July 31, 2020",2007,TV-14,104 min,"Action & Adventure, Docuseries","A powerful story exploring relationships, identity, and the search for belonging."
s0269,Movie,Beyond the River,,"Maya Thomas, Ananya Smith, Jordan Sharma, Chris Davis",Spain,"November 16, 2022",2013,NR,96 min,"Drama, British TV Shows","An ambitious journey filled with mystery, humor, and unforgettable moments."
s0270,Movie,Broken Promises,Michael Singh,"Michael Sharma, James Martinez, Chris Chen, Alex Wilson","Canada, United States","January 10, 2019",1991,PG-13,175 min,Romantic Movies,A group of strangers discovers a secret that changes their lives forever.
s0271,TV Show,The New Generation,,Michael Kumar,,"June 10, 2020",2009,TV-Y7,4 Seasons,Documentaries,"An ambitious journey filled with mystery, humor, and unforgettable moments."
s0272,Movie,Broken Promises,,"Daniel Miller, Daniel Thomas, Olivia Jackson","India, Germany","May 02, 2020",1995,PG,121 min,"Documentaries, Thrillers","A powerful story exploring relationships, identity, and the search for belonging."
s0273,TV Show,Life in Mumbai,,"Olivia Singh, Thomas Smith",Brazil,,1992,TV-MA,1 Season,"Documentaries, Drama","A compelling story about friendship, family, and unexpected choices."
s0274,TV Show,Worlds Apart,,"William Brown, Liam Wilson, Alex Sharma, Priya Taylor",,"February 19, 2018",2017,TV-G,4 Seasons,"Docuseries, Documentaries, International Movies",A young protagonist must overcome difficult challenges to find a new beginning.
s0275,Movie,The Last Horizon,Michael Brown,Thomas Martinez,"Australia, United States","August 31, 2019",2004,TV-MA,79 min,"International Movies, Reality TV, Stand-Up Comedy",A group of strangers discovers a secret that changes their lives forever.
s0276,Movie,Under the Stars,Jordan Lee,Mia Johnson,Italy,"December 16, 2021",2004,NR,139 min,"Crime TV Shows, British TV Shows, Children & Family Movies","A compelling story about friendship, family, and unexpected choices."
s0277,Movie,Summer Dreams,James Taylor,Olivia Jackson,Japan,"October 31, 2018",2012,TV-14,164 min,Sci-Fi & Fantasy,"A powerful story exploring relationships, identity, and the search for belonging."
s0278,TV Show,Worlds Apart 2014,,"Ananya Williams, Isabella Johnson",India,"March 17, 2019",2019,TV-Y,1 Season,Romantic Movies,"A compelling story about friendship, family, and unexpected choices."
s0279,TV Show,Modern Families,,"Emily Davis, Thomas Johnson","Italy, United Kingdom","May 08, 2019",2008,TV-Y7,1 Season,"Action & Adventure, Kids' TV",A group of strangers discovers a secret that changes their lives forever.
s0280,TV Show,After Midnight 2004,Jordan Lee,,"Brazil, Mexico","February 08, 2025",2021,TV-Y7,2 Seasons,"Horror Movies, Crime TV Shows","A compelling story about friendship, family, and unexpected choices."
s0281,TV Show,The Family House,,"Emily Moore, Alex Williams",Italy,"August 18, 2023",2019,TV-MA,3 Seasons,Action & Adventure,"A powerful story exploring relationships, identity, and the search for belonging."
s0282,Movie,The Great Escape,,"Lucas Singh, Maya Miller, Daniel Johnson, Ananya Miller","Brazil, France","August 24, 2023",1995,G,78 min,Children & Family Movies,"When an unexpected event occurs, a determined group sets out to uncover the truth."
s0283,Movie,Summer Dreams,Grace Garcia,"Maya Lee, Ananya Jackson, Jordan Miller",United Kingdom,"July 29, 2020",2006,G,152 min,Action & Adventure,A young protagonist must overcome difficult challenges to find a new beginning.
s0284,Movie,The Last Horizon 2012,Lucas Thomas,Ethan Brown,United Kingdom,"February 17, 2021",2016,TV-MA,154 min,"Drama, Documentaries",A young protagonist must overcome difficult challenges to find a new beginning.
s0285,Movie,Under the Stars,William Williams,"Daniel Taylor, Sophia Kumar, Liam Patel",Germany,"November 06, 2025",1993,G,109 min,"Reality TV, Docuseries",A young protagonist must overcome difficult challenges to find a new beginning.
s0286,TV Show,Unknown Files,,"Lucas Martinez, Jordan Taylor, Emily Kumar, Sophia Smith",South Korea,"September 05, 2022",2018,TV-Y7,1 Season,Sci-Fi & Fantasy,"An ambitious journey filled with mystery, humor, and unforgettable moments."
s0287,Movie,Broken Promises 2006,,"Isabella Smith, Sophia Smith, Emma Davis",Japan,"March 29, 2022",2022,PG-13,118 min,International Movies,A young protagonist must overcome difficult challenges to find a new beginning.
s0288,Movie,A Second Chance,Ravi Jones,"Maya Brown, Emily Kim, David Miller",Spain,"July 19, 2019",1991,TV-PG,157 min,"Crime TV Shows, Comedy",A group of strangers discovers a secret that changes their lives forever.
s0289,Movie,The Secret Garden 2012,Noah Moore,"Jordan Singh, Ava Moore",South Korea,"September 21, 2024",2002,PG,115 min,"Crime TV Shows, Documentaries, Reality TV","When an unexpected event occurs, a determined group sets out to uncover the truth."
s0290,Movie,City of Shadows,Ravi Brown,"Priya Jackson, Daniel Davis",Mexico,"July 07, 2026",2003,G,168 min,"Comedy, Docuseries",A young protagonist must overcome difficult challenges to find a new beginning.
s0291,TV Show,Daily Dose,,"Grace Chen, Kiran Kim, Emma Kumar","India, Canada","April 22, 2020",2020,TV-Y7,3 Seasons,"Children & Family Movies, Stand-Up Comedy","A compelling story about friendship, family, and unexpected choices."
s0292,Movie,Beyond the River,,"Ananya Davis, Jordan Wilson",India,"September 26, 2019",2005,TV-PG,110 min,British TV Shows,"A compelling story about friendship, family, and unexpected choices."
s0293,Movie,Into the Wild,,"Ananya Patel, Ethan Singh, Alex Singh","Canada, India","January 13, 2024",2015,PG-13,161 min,"Thrillers, Action & Adventure",A group of strangers discovers a secret that changes their lives forever.
s0294,TV Show,Beyond Borders 2016,,"Alex Smith, Chris Taylor, Olivia Davis",Japan,"April 26, 2020",1998,TV-Y7,3 Seasons,British TV Shows,"When an unexpected event occurs, a determined group sets out to uncover the truth."
s0295,Movie,Echoes of Tomorrow,Olivia Martinez,"Ananya Miller, Daniel Moore, Maya Jackson",Germany,"January 28, 2023",2008,PG-13,173 min,"Kids' TV, Docuseries","An ambitious journey filled with mystery, humor, and unforgettable moments."
s0296,Movie,Summer Dreams,William Taylor,"James Davis, Daniel Singh, Chris Williams",,"August 24, 2024",2024,TV-PG,160 min,Stand-Up Comedy,"When an unexpected event occurs, a determined group sets out to uncover the truth."
s0297,Movie,Midnight Streets,Robert Martin,"Lucas Kim, Olivia Kumar","Brazil, Spain, Canada","January 03, 2025",2006,R,132 min,Action & Adventure,A group of strangers discovers a secret that changes their lives forever.
s0298,Movie,City of Shadows,William Brown,"Mia Anderson, Emily Martinez",Japan,"November 05, 2021",2015,PG-13,128 min,"Drama, Stand-Up Comedy, Anime Series",A group of strangers discovers a secret that changes their lives forever.
s0299,Movie,City of Shadows,James Patel,"Liam Martinez, Arjun Moore, Kiran Chen","India, South Korea","August 20, 2021",2016,TV-MA,160 min,Sci-Fi & Fantasy,"A compelling story about friendship, family, and unexpected choices."
s0300,Movie,Under the Stars,Noah Miller,Daniel Miller,"Australia, United Kingdom","July 21, 2022",1990,TV-PG,136 min,Kids' TV,"A compelling story about friendship, family, and unexpected choices."
s0301,TV Show,Young Hearts,,Robert Martin,India,"August 06, 2020",2010,TV-G,5 Seasons,"Romantic Movies, Comedy","When an unexpected event occurs, a determined group sets out to uncover the truth."
s0302,Movie,Under the Stars,Olivia Williams,"Liam Davis, Isabella Thomas",Japan,"February 10, 2019",1994,TV-PG,79 min,Romantic Movies,A young protagonist must overcome difficult challenges to find a new beginning.
s0303,Movie,Hidden Truth,,"Chris Martinez, Grace Jackson, Isabella Jackson",Australia,"February 03, 2019",2010,R,140 min,"Stand-Up Comedy, Reality TV",A group of strangers discovers a secret that changes their lives forever.
s0304,Movie,The Long Road Home 2006,Lucas Garcia,"Grace Patel, Emily Miller","Canada, South Korea","August 22, 2021",2021,TV-14,143 min,"Action & Adventure, British TV Shows, Kids' TV",A young protagonist must overcome difficult challenges to find a new beginning.
s0305,Movie,The Secret Garden 2019,Noah Kumar,Thomas Chen,Australia,"October 28, 2023",2013,TV-PG,78 min,Reality TV,"A powerful story exploring relationships, identity, and the search for belonging."
s0306,TV Show,Kitchen Stories,Robert Kumar,"Emma Sharma, Jordan Williams",South Korea,"March 31, 2025",1998,TV-14,1 Season,Kids' TV,A young protagonist must overcome difficult challenges to find a new beginning.
s0307,Movie,Parallel Lives,Emma Singh,"Ravi Brown, David Taylor",United States,"February 19, 2026",2025,G,166 min,"Horror Movies, Anime Series",A young protagonist must overcome difficult challenges to find a new beginning.
s0308,Movie,The Silent House,,"Liam Chen, Ethan Anderson",,"May 02, 2019",2004,TV-PG,144 min,"Horror Movies, Drama, Stand-Up Comedy","A compelling story about friendship, family, and unexpected choices."
s0309,Movie,Midnight Streets,,"Sophia Smith, Chris Kumar",Japan,"December 22, 2025",1997,G,142 min,International Movies,"A powerful story exploring relationships, identity, and the search for belonging."
s0310,Movie,The Long Road Home,Emily Davis,"Arjun Taylor, Sophia Chen",Spain,"May 15, 2021",2021,TV-MA,169 min,"Horror Movies, Crime TV Shows","A compelling story about friendship, family, and unexpected choices."
s0311,TV Show,Worlds Apart,,,India,"September 13, 2024",2021,TV-MA,4 Seasons,"Romantic Movies, Stand-Up Comedy","A compelling story about friendship, family, and unexpected choices."
s0312,Movie,The Secret Garden,,Emma Lee,Mexico,"March 04, 2024",2008,G,80 min,"Horror Movies, Stand-Up Comedy","When an unexpected event occurs, a determined group sets out to uncover the truth."
s0313,TV Show,The Detectives 2014,Emily Martinez,Kiran Davis,Germany,"June 22, 2020",1993,TV-MA,2 Seasons,"Kids' TV, Drama",A group of strangers discovers a secret that changes their lives forever.
s0314,Movie,Broken Promises,Alex Kim,"Thomas Sharma, Alex Miller, Ananya Martin, Michael Singh",France,"April 24, 2025",2018,TV-14,79 min,Sci-Fi & Fantasy,"An ambitious journey filled with mystery, humor, and unforgettable moments."
s0315,Movie,The Silent House,,"Sophia Patel, Olivia Miller, Isabella Chen",United Kingdom,"February 08, 2018",2018,R,83 min,International Movies,"An ambitious journey filled with mystery, humor, and unforgettable moments."
s0316,TV Show,Modern Families,,Thomas Sharma,Brazil,"August 11, 2022",2003,TV-G,1 Season,"Documentaries, Horror Movies","A powerful story exploring relationships, identity, and the search for belonging."
s0317,Movie,A Second Chance,William Kumar,"Grace Patel, Ravi Anderson, Robert Moore","United Kingdom, Italy","May 08, 2023",2015,NR,101 min,Children & Family Movies,"An ambitious journey filled with mystery, humor, and unforgettable moments."
s0318,Movie,City of Shadows,Lucas Jones,Mia Jackson,Canada,"November 20, 2024",2001,TV-PG,127 min,Thrillers,"An ambitious journey filled with mystery, humor, and unforgettable moments."
s0319,TV Show,Modern Families,,"Thomas Brown, David Jackson, William Smith, Emily Martin",Germany,"August 13, 2021",1996,TV-Y7,1 Season,"Crime TV Shows, Drama","A powerful story exploring relationships, identity, and the search for belonging."
s0320,Movie,A Second Chance,Ananya Garcia,James Williams,India,"January 25, 2026",2013,TV-14,107 min,"Reality TV, Romantic Movies","A compelling story about friendship, family, and unexpected choices."
s0321,Movie,The Final Journey,Ethan Jackson,"Mia Martinez, Emma Brown, Michael Johnson",Australia,"August 08, 2018",2018,R,88 min,Comedy,"A powerful story exploring relationships, identity, and the search for belonging."
s0322,TV Show,Modern Families,,"Chris Sharma, Ravi Brown, Maya Martin",United Kingdom,"October 12, 2018",1996,TV-G,5 Seasons,Docuseries,"When an unexpected event occurs, a determined group sets out to uncover the truth."
s0323,Movie,One More Day 2005,Emily Moore,Grace Martinez,"Japan, Brazil","June 11, 2019",1998,G,122 min,Kids' TV,"A powerful story exploring relationships, identity, and the search for belonging."
s0324,TV Show,Code Breakers,,Lucas Wilson,Italy,"November 08, 2025",2018,TV-14,5 Seasons,"Drama, Horror Movies, Sci-Fi & Fantasy",A group of strangers discovers a secret that changes their lives forever.
s0325,Movie,One More Day 2008,Liam Patel,"James Jackson, Sophia Anderson","United States, Brazil, India","November 13, 2023",2013,TV-MA,144 min,"Thrillers, Crime TV Shows",A group of strangers discovers a secret that changes their lives forever.
s0326,Movie,Under the Stars,Alex Moore,Thomas Martinez,"Japan, Italy","August 11, 2018",2018,TV-14,149 min,"British TV Shows, Horror Movies",A group of strangers discovers a secret that changes their lives forever.
s0327,TV Show,Young Hearts,Ethan Sharma,"Chris Moore, Arjun Garcia, William Chen, James Singh",Canada,"February 09, 2025",2015,TV-MA,1 Season,Docuseries,"A compelling story about friendship, family, and unexpected choices."
s0328,TV Show,The Detectives,Kiran Brown,"Jordan Miller, Ethan Martinez, Liam Martinez",Italy,"April 28, 2024",1990,TV-MA,2 Seasons,"Horror Movies, Drama","A compelling story about friendship, family, and unexpected choices."
s0329,TV Show,Unknown Files,Alex Wilson,Isabella Lee,,"August 07, 2024",2006,TV-MA,3 Seasons,Stand-Up Comedy,"When an unexpected event occurs, a determined group sets out to uncover the truth."
s0330,Movie,Under the Stars,Olivia Chen,Kiran Wilson,France,"January 02, 2024",1993,TV-14,100 min,"International Movies, Docuseries","An ambitious journey filled with mystery, humor, and unforgettable moments."
s0331,Movie,Beyond the River,David Chen,,United Kingdom,,2007,R,109 min,Drama,"A compelling story about friendship, family, and unexpected choices."
s0332,TV Show,Daily Dose,Michael Davis,"Emily Jones, Ravi Wilson, Olivia Chen","United States, Japan, France","October 18, 2019",2009,TV-G,3 Seasons,Kids' TV,"A compelling story about friendship, family, and unexpected choices."
s0333,Movie,City of Shadows 2008,Sophia Brown,"Olivia Garcia, Lucas Lee, Chris Jackson",Germany,"December 29, 2021",2008,R,118 min,Sci-Fi & Fantasy,A group of strangers discovers a secret that changes their lives forever.
s0334,Movie,The Silent House,Olivia Chen,Robert Martin,"Japan, South Korea","April 13, 2018",2009,TV-MA,122 min,Horror Movies,"An ambitious journey filled with mystery, humor, and unforgettable moments."
s0335,Movie,Hidden Truth,Michael Brown,Chris Garcia,Germany,,1991,PG,127 min,"Romantic Movies, International Movies",A young protagonist must overcome difficult challenges to find a new beginning.
s0336,Movie,Summer Dreams 2006,,Lucas Lee,Japan,"April 09, 2021",2002,TV-PG,77 min,International Movies,"An ambitious journey filled with mystery, humor, and unforgettable moments."
s0337,TV Show,City Stories,Liam Moore,"Priya Anderson, Liam Lee, Robert Kumar",France,"February 28, 2022",2006,TV-Y7,1 Season,"Drama, Thrillers","When an unexpected event occurs, a determined group sets out to uncover the truth."
s0338,TV Show,The Next Chapter,,"Kiran Singh, Alex Martinez, Liam Anderson",Canada,"April 24, 2024",2013,TV-G,1 Season,"International Movies, Crime TV Shows",A group of strangers discovers a secret that changes their lives forever.
s0339,TV Show,Modern Families,,Alex Singh,"France, Australia","January 09, 2025",2000,TV-14,6 Seasons,"Kids' TV, Crime TV Shows","An ambitious journey filled with mystery, humor, and unforgettable moments."
s0340,Movie,Midnight Streets,,"James Lee, Grace Kim","France, Spain","October 09, 2022",2016,R,96 min,"Comedy, Romantic Movies",A young protagonist must overcome difficult challenges to find a new beginning.
s0341,TV Show,The Family House,Priya Davis,"Daniel Wilson, Chris Jones, Sophia Thomas, Robert Wilson",Mexico,"June 01, 2022",2011,TV-MA,3 Seasons,"British TV Shows, International Movies, Sci-Fi & Fantasy","A powerful story exploring relationships, identity, and the search for belonging."
s0342,TV Show,Unknown Files,Noah Singh,,Canada,"July 24, 2024",2014,TV-MA,1 Season,Crime TV Shows,"A compelling story about friendship, family, and unexpected choices."
s0343,Movie,Summer Dreams 2024,James Smith,"Emma Davis, Arjun Jackson, Alex Miller","India, United Kingdom","November 15, 2022",2020,TV-MA,75 min,Reality TV,"An ambitious journey filled with mystery, humor, and unforgettable moments."
s0344,Movie,Lost in Time,Thomas Davis,"Lucas Jackson, Chris Patel, Ava Jones",,"April 16, 2018",2011,NR,78 min,Docuseries,"A compelling story about friendship, family, and unexpected choices."
s0345,TV Show,City Stories,,Olivia Taylor,"Germany, Japan","December 23, 2018",2017,TV-PG,1 Season,"Children & Family Movies, Thrillers",A group of strangers discovers a secret that changes their lives forever.
s0346,Movie,Parallel Lives 2007,David Anderson,"James Johnson, Thomas Lee, David Johnson","South Korea, United Kingdom","February 15, 2023",2010,PG-13,76 min,Kids' TV,A young protagonist must overcome difficult challenges to find a new beginning.
s0347,TV Show,The Next Chapter,,"Isabella Thomas, Jordan Patel, Alex Sharma",Germany,"October 05, 2020",2001,TV-G,4 Seasons,International Movies,"A powerful story exploring relationships, identity, and the search for belonging."
s0348,Movie,Summer Dreams,Chris Smith,,"Italy, United Kingdom","November 25, 2020",2009,PG,107 min,"Kids' TV, Horror Movies","A powerful story exploring relationships, identity, and the search for belonging."
s0349,Movie,The Silent House,Lucas Williams,"Arjun Chen, Jordan Williams, Ravi Jones",Australia,"February 07, 2026",2009,TV-MA,130 min,Stand-Up Comedy,A young protagonist must overcome difficult challenges to find a new beginning.
s0350,TV Show,The Travelers,,"Sophia Kumar, Olivia Chen, Liam Lee",Spain,"April 13, 2025",1994,TV-MA,3 Seasons,Horror Movies,"An ambitious journey filled with mystery, humor, and unforgettable moments."
s0351,Movie,Broken Promises,Sophia Martinez,Emma Singh,"Australia, United Kingdom","May 11, 2023",2000,TV-PG,174 min,Drama,A young protagonist must overcome difficult challenges to find a new beginning.
s0352,Movie,The Silent House,,"Isabella Patel, Maya Smith","Australia, South Korea","April 22, 2018",1996,TV-14,89 min,Drama,A group of strangers discovers a secret that changes their lives forever.
s0353,Movie,The Great Escape,Alex Garcia,"Noah Wilson, Thomas Thomas","Brazil, India","March 15, 2020",1998,G,91 min,British TV Shows,A group of strangers discovers a secret that changes their lives forever.
s0354,TV Show,The New Generation,,Thomas Sharma,"France, South Korea","December 02, 2020",1995,TV-Y,4 Seasons,"Crime TV Shows, Romantic Movies, Kids' TV",A young protagonist must overcome difficult challenges to find a new beginning.
s0355,Movie,Into the Wild,Arjun Jackson,"Thomas Wilson, Alex Anderson, Grace Williams",Australia,"January 19, 2025",2008,TV-14,109 min,Romantic Movies,"When an unexpected event occurs, a determined group sets out to uncover the truth."
s0356,Movie,One More Day,Thomas Lee,"Liam Williams, Chris Thomas, Ananya Miller, David Jackson",India,"June 11, 2019",1991,TV-MA,88 min,Action & Adventure,"When an unexpected event occurs, a determined group sets out to uncover the truth."
s0357,Movie,Beyond the River,,"David Kim, Emma Kumar","Germany, South Korea","August 01, 2021",1992,TV-MA,75 min,"International Movies, Crime TV Shows",A group of strangers discovers a secret that changes their lives forever.
s0358,Movie,Parallel Lives,,"Arjun Kim, Maya Davis","Canada, Brazil","April 14, 2025",2003,R,97 min,"Children & Family Movies, Horror Movies",A young protagonist must overcome difficult challenges to find a new beginning.
s0359,Movie,The Silent House,Maya Jones,"Noah Taylor, Daniel Lee, Noah Patel",Mexico,"July 18, 2026",1999,R,141 min,Action & Adventure,A young protagonist must overcome difficult challenges to find a new beginning.
s0360,Movie,The Last Horizon,,"Emma Martinez, Alex Garcia, Olivia Sharma, Ava Johnson",United Kingdom,"November 28, 2024",2015,R,81 min,"Comedy, Sci-Fi & Fantasy",A young protagonist must overcome difficult challenges to find a new beginning.
s0361,TV Show,The Academy,,"Lucas Garcia, Priya Patel, Olivia Taylor, Thomas Patel",Germany,"September 05, 2021",2015,TV-Y7,1 Season,Docuseries,"An ambitious journey filled with mystery, humor, and unforgettable moments."
s0362,Movie,Summer Dreams,Ava Martin,"Olivia Lee, Olivia Taylor",India,"February 16, 2026",2001,TV-PG,89 min,"Anime Series, Documentaries, Drama","A powerful story exploring relationships, identity, and the search for belonging."
s0363,Movie,Summer Dreams,Olivia Moore,,Spain,"March 08, 2020",1992,TV-PG,170 min,Docuseries,"A compelling story about friendship, family, and unexpected choices."
s0364,Movie,Into the Wild 2002,Mia Kim,"Lucas Garcia, Chris Anderson, Grace Thomas, James Jackson","South Korea, Germany","January 13, 2020",2008,PG,109 min,"Comedy, Anime Series, Romantic Movies",A group of strangers discovers a secret that changes their lives forever.
s0365,Movie,The Last Horizon,,,South Korea,"August 07, 2020",1992,PG,129 min,Thrillers,A group of strangers discovers a secret that changes their lives forever.
s0366,Movie,Beyond the River,William Martinez,"David Sharma, Maya Jackson",Mexico,"January 18, 2026",2018,NR,98 min,"British TV Shows, Drama",A group of strangers discovers a secret that changes their lives forever.
s0367,Movie,The Final Journey,Michael Martin,"Ethan Kumar, Ava Kumar, Arjun Chen",Spain,"April 02, 2023",2006,TV-PG,98 min,Stand-Up Comedy,A group of strangers discovers a secret that changes their lives forever.
s0368,Movie,The Last Horizon,,"Daniel Patel, Lucas Wilson, James Singh",,"October 01, 2023",1995,TV-14,142 min,"Children & Family Movies, Crime TV Shows",A group of strangers discovers a secret that changes their lives forever.
s0369,Movie,Broken Promises,Maya Thomas,Isabella Garcia,"United States, Brazil","December 24, 2020",1995,TV-14,92 min,"Romantic Movies, Comedy","A powerful story exploring relationships, identity, and the search for belonging."
s0370,Movie,Summer Dreams,James Lee,"Ethan Davis, Liam Johnson, Thomas Johnson",Spain,"April 22, 2023",2001,G,137 min,"Anime Series, Children & Family Movies","A compelling story about friendship, family, and unexpected choices."
s0371,TV Show,Modern Families 2013,,"Michael Williams, Noah Thomas",Germany,"January 31, 2018",1993,TV-Y,4 Seasons,Action & Adventure,"A compelling story about friendship, family, and unexpected choices."
s0372,Movie,Hidden Truth,Thomas Kumar,Thomas Davis,United Kingdom,"December 01, 2020",2005,PG-13,97 min,"Sci-Fi & Fantasy, Action & Adventure, Thrillers",A young protagonist must overcome difficult challenges to find a new beginning.
s0373,Movie,The Forgotten Road,Liam Martinez,Ravi Martin,Canada,"October 01, 2020",1990,R,136 min,"Romantic Movies, Drama","An ambitious journey filled with mystery, humor, and unforgettable moments."
s0374,Movie,The Final Journey,,"William Kumar, Emily Wilson",Germany,"April 21, 2022",2018,G,115 min,"International Movies, Documentaries","An ambitious journey filled with mystery, humor, and unforgettable moments."
s0375,TV Show,City Stories,,"Olivia Singh, Alex Martinez",United Kingdom,"November 28, 2020",2006,TV-Y7,1 Season,"Documentaries, Action & Adventure, International Movies","A powerful story exploring relationships, identity, and the search for belonging."
s0376,Movie,The Silent House,Noah Martinez,Sophia Williams,United States,,2019,G,164 min,"Romantic Movies, Reality TV","A powerful story exploring relationships, identity, and the search for belonging."
s0377,TV Show,Daily Dose,James Miller,Liam Brown,Germany,,2014,TV-14,5 Seasons,Romantic Movies,"An ambitious journey filled with mystery, humor, and unforgettable moments."
s0378,Movie,The Secret Garden,Alex Moore,"Kiran Kim, James Moore, David Kumar",Brazil,"September 11, 2018",2018,NR,141 min,Sci-Fi & Fantasy,"A compelling story about friendship, family, and unexpected choices."
s0379,Movie,Midnight Streets,William Brown,Priya Thomas,Japan,"October 26, 2021",2005,PG-13,146 min,Horror Movies,A group of strangers discovers a secret that changes their lives forever.
s0380,Movie,The Long Road Home,Alex Lee,"Michael Johnson, Kiran Davis, Isabella Garcia, Arjun Lee",Germany,"June 28, 2021",2001,PG,166 min,Kids' TV,A young protagonist must overcome difficult challenges to find a new beginning.
s0381,TV Show,Worlds Apart,,Noah Kumar,Japan,"April 22, 2021",2005,TV-G,1 Season,"Reality TV, Stand-Up Comedy, Thrillers","A compelling story about friendship, family, and unexpected choices."
s0382,Movie,Parallel Lives,William Sharma,"Noah Johnson, Emily Jackson, Arjun Patel, Chris Anderson","Brazil, Japan","November 07, 2022",1991,TV-MA,128 min,"Drama, International Movies",A young protagonist must overcome difficult challenges to find a new beginning.
s0383,Movie,Under the Stars,Emma Miller,,Canada,"May 05, 2024",2007,PG-13,97 min,"Action & Adventure, Thrillers","A compelling story about friendship, family, and unexpected choices."
s0384,Movie,The Long Road Home,,"Emily Martinez, Isabella Martin",France,"October 07, 2021",2007,TV-MA,136 min,"Children & Family Movies, Crime TV Shows, Docuseries","When an unexpected event occurs, a determined group sets out to uncover the truth."
s0385,Movie,The Secret Garden,Mia Singh,"Kiran Smith, Noah Patel",France,"May 24, 2023",2020,G,162 min,Action & Adventure,A group of strangers discovers a secret that changes their lives forever.
s0386,TV Show,The Detectives 2011,,Ananya Sharma,South Korea,"June 15, 2020",2016,TV-14,3 Seasons,"Sci-Fi & Fantasy, Thrillers",A young protagonist must overcome difficult challenges to find a new beginning.
s0387,Movie,Parallel Lives,,"Ava Johnson, Kiran Jackson, Michael Kim, Kiran Chen",United States,"October 23, 2019",2017,PG,88 min,"Docuseries, Romantic Movies, Horror Movies","When an unexpected event occurs, a determined group sets out to uncover the truth."
s0388,Movie,A Second Chance,Ananya Singh,"Emma Jones, Arjun Anderson, Arjun Chen",,"April 23, 2026",2025,NR,97 min,"Reality TV, Comedy, Horror Movies","An ambitious journey filled with mystery, humor, and unforgettable moments."
s0389,Movie,The Final Journey,,"Jordan Patel, Alex Williams, Maya Thomas, Isabella Kumar",Japan,"September 02, 2020",2014,TV-PG,89 min,Documentaries,"A powerful story exploring relationships, identity, and the search for belonging."
s0390,TV Show,Life in Mumbai,,"Isabella Miller, Jordan Davis, William Miller",Germany,"May 05, 2025",2003,TV-Y,3 Seasons,"Reality TV, British TV Shows","A compelling story about friendship, family, and unexpected choices."
s0391,TV Show,After Midnight,,Thomas Brown,"Mexico, Japan",,2001,TV-G,1 Season,International Movies,"An ambitious journey filled with mystery, humor, and unforgettable moments."
s0392,Movie,Midnight Streets,Grace Taylor,"Olivia Kim, Ravi Williams, Ananya Kumar, Maya Wilson",South Korea,"August 20, 2023",2015,R,137 min,"Children & Family Movies, Comedy","A compelling story about friendship, family, and unexpected choices."
s0393,TV Show,Modern Families,,Kiran Jones,Germany,,1990,TV-Y7,5 Seasons,Docuseries,"A powerful story exploring relationships, identity, and the search for belonging."
s0394,Movie,City of Shadows 2016,Daniel Martin,"Liam Moore, Jordan Lee, Liam Kumar, Emily Lee","Canada, Australia","March 03, 2023",1990,TV-MA,141 min,Kids' TV,"When an unexpected event occurs, a determined group sets out to uncover the truth."
s0395,Movie,One More Day,Ravi Anderson,Kiran Thomas,"South Korea, France","September 27, 2018",2008,TV-14,157 min,"Docuseries, Kids' TV","An ambitious journey filled with mystery, humor, and unforgettable moments."
s0396,TV Show,The Detectives 2015,,"David Patel, Noah Thomas, Liam Lee",United Kingdom,"October 08, 2024",2016,TV-14,1 Season,"Anime Series, Stand-Up Comedy",A group of strangers discovers a secret that changes their lives forever.
s0397,Movie,Beyond the River,,,"Brazil, Australia","October 26, 2023",2005,TV-MA,84 min,"Reality TV, Kids' TV","When an unexpected event occurs, a determined group sets out to uncover the truth."
s0398,Movie,Lost in Time,Michael Miller,"Maya Kumar, Emma Davis","Germany, India","January 23, 2023",2002,R,81 min,Crime TV Shows,"An ambitious journey filled with mystery, humor, and unforgettable moments."
s0399,Movie,The Forgotten Road,,"James Brown, Ravi Martin, Noah Miller, Thomas Moore",Mexico,"July 19, 2020",1998,G,130 min,"Drama, Stand-Up Comedy, Kids' TV","An ambitious journey filled with mystery, humor, and unforgettable moments."
s0400,Movie,Into the Wild,Thomas Johnson,Arjun Johnson,India,"July 07, 2019",1990,R,144 min,Sci-Fi & Fantasy,"A compelling story about friendship, family, and unexpected choices."
s0401,Movie,Hidden Truth,,"Robert Chen, Emma Garcia, Noah Brown, Ethan Anderson",,"November 30, 2024",2007,TV-14,97 min,Children & Family Movies,A young protagonist must overcome difficult challenges to find a new beginning.
s0402,TV Show,The Academy 2022,Ravi Kumar,"Olivia Martinez, Ananya Singh, William Thomas, Emily Patel",Mexico,"June 11, 2024",1994,TV-MA,2 Seasons,"International Movies, Sci-Fi & Fantasy, Docuseries","An ambitious journey filled with mystery, humor, and unforgettable moments."
s0403,TV Show,After Midnight,,,"France, Brazil","November 26, 2023",2023,TV-14,4 Seasons,"Comedy, Action & Adventure","A powerful story exploring relationships, identity, and the search for belonging."
s0404,Movie,The Final Journey,Kiran Jackson,"Isabella Johnson, Lucas Miller, Olivia Miller, Noah Jackson",Germany,"June 01, 2022",2013,TV-MA,163 min,"Drama, International Movies",A group of strangers discovers a secret that changes their lives forever.
s0405,Movie,Beyond the River,Daniel Anderson,,India,"December 21, 2023",2010,TV-PG,125 min,"Docuseries, Crime TV Shows, Documentaries",A group of strangers discovers a secret that changes their lives forever.
s0406,Movie,Midnight Streets 2001,Ava Martinez,Michael Martinez,Brazil,"October 17, 2025",2010,TV-PG,89 min,Anime Series,"An ambitious journey filled with mystery, humor, and unforgettable moments."
s0407,Movie,The Long Road Home,William Kumar,"Chris Taylor, Sophia Jones, Ava Miller, Mia Patel","United States, India","March 18, 2018",2018,TV-14,85 min,Comedy,"An ambitious journey filled with mystery, humor, and unforgettable moments."
s0408,Movie,Hidden Truth,,"Robert Smith, Sophia Kumar","Australia, Germany","September 13, 2018",2017,NR,78 min,Crime TV Shows,"A powerful story exploring relationships, identity, and the search for belonging."
s0409,TV Show,The Academy,,"Sophia Wilson, Isabella Williams, Kiran Martin, Olivia Singh",South Korea,"May 24, 2026",2016,TV-MA,1 Season,"British TV Shows, Action & Adventure","A powerful story exploring relationships, identity, and the search for belonging."
s0410,Movie,Summer Dreams,,"Ravi Taylor, Alex Williams, Olivia Garcia, Sophia Chen",Australia,"September 08, 2025",2004,TV-MA,166 min,Drama,"When an unexpected event occurs, a determined group sets out to uncover the truth."
s0411,TV Show,City Stories,,Robert Jackson,Japan,"May 28, 2020",1992,TV-PG,3 Seasons,"Drama, Sci-Fi & Fantasy, Action & Adventure",A group of strangers discovers a secret that changes their lives forever.
s0412,Movie,The Secret Garden,Chris Smith,"Liam Johnson, Liam Taylor",,"June 18, 2022",1992,TV-14,147 min,"British TV Shows, International Movies","When an unexpected event occurs, a determined group sets out to uncover the truth."
s0413,TV Show,The Last Kingdom,,"Sophia Jackson, Isabella Martin, Jordan Jackson",India,"July 23, 2020",2008,TV-Y,2 Seasons,Crime TV Shows,A young protagonist must overcome difficult challenges to find a new beginning.
s0414,TV Show,The Last Kingdom,,"Ravi Chen, Priya Jones, David Singh","France, Brazil","September 29, 2018",1996,TV-Y7,5 Seasons,"Comedy, Stand-Up Comedy, Horror Movies",A group of strangers discovers a secret that changes their lives forever.
s0415,Movie,Broken Promises 2010,,"Sophia Garcia, Emma Williams, Ananya Johnson, Isabella Williams",Germany,"February 06, 2020",1996,NR,160 min,Anime Series,A group of strangers discovers a secret that changes their lives forever.
s0416,TV Show,Young Hearts,Ava Patel,,"India, Italy","June 20, 2026",2006,TV-G,2 Seasons,"Kids' TV, Sci-Fi & Fantasy","A compelling story about friendship, family, and unexpected choices."
s0417,TV Show,The Family House 2002,,"Maya Johnson, Ethan Lee",Australia,"July 02, 2024",1996,TV-Y7,1 Season,Documentaries,A young protagonist must overcome difficult challenges to find a new beginning.
s0418,TV Show,Daily Dose,Mia Anderson,Daniel Chen,Canada,"April 07, 2025",2025,TV-MA,3 Seasons,Children & Family Movies,"An ambitious journey filled with mystery, humor, and unforgettable moments."
s0419,TV Show,Beyond Borders,,Ava Moore,"Spain, Mexico, Canada","March 31, 2026",2000,TV-PG,2 Seasons,"Romantic Movies, Thrillers","A compelling story about friendship, family, and unexpected choices."
s0420,TV Show,Life in Mumbai,,"Daniel Smith, Arjun Sharma, Emma Sharma","United Kingdom, Italy","January 15, 2019",1995,TV-Y,3 Seasons,Kids' TV,"A compelling story about friendship, family, and unexpected choices."
s0421,TV Show,Modern Families,,,Brazil,"November 28, 2022",1991,TV-Y,1 Season,Horror Movies,A group of strangers discovers a secret that changes their lives forever.
s0422,Movie,Under the Stars 2005,Jordan Smith,"Ethan Kumar, Daniel Patel, Daniel Davis, Michael Kumar",Canada,"January 31, 2022",1997,TV-MA,141 min,Crime TV Shows,A group of strangers discovers a secret that changes their lives forever.
s0423,Movie,One More Day,,Sophia Anderson,United States,"January 17, 2019",1998,NR,165 min,"Horror Movies, Children & Family Movies","A compelling story about friendship, family, and unexpected choices."
s0424,Movie,A Second Chance,James Smith,"Thomas Sharma, Ravi Singh, Olivia Taylor",Germany,"January 26, 2024",1995,TV-MA,109 min,"International Movies, British TV Shows, Documentaries","When an unexpected event occurs, a determined group sets out to uncover the truth."
s0425,TV Show,Life in Mumbai,,"James Kumar, James Smith, Michael Martinez, Kiran Thomas","Brazil, Spain","December 25, 2020",2006,TV-Y7,4 Seasons,International Movies,"A powerful story exploring relationships, identity, and the search for belonging."
s0426,Movie,The Final Journey,,"Kiran Garcia, Arjun Jackson, Lucas Patel, Noah Chen",India,"April 09, 2022",2015,TV-14,138 min,"Comedy, Romantic Movies",A young protagonist must overcome difficult challenges to find a new beginning.
s0427,TV Show,Hidden Lives,Isabella Jones,Olivia Jackson,Brazil,,2005,TV-Y,2 Seasons,"Romantic Movies, International Movies","An ambitious journey filled with mystery, humor, and unforgettable moments."
s0428,TV Show,Kitchen Stories,Emily Kumar,"Isabella Johnson, Ravi Patel, Grace Johnson, Isabella Smith",,"June 12, 2023",2009,TV-Y,4 Seasons,"Comedy, Anime Series, Romantic Movies","A compelling story about friendship, family, and unexpected choices."
s0429,TV Show,The Next Chapter,James Sharma,"Ananya Anderson, Mia Martinez, Arjun Lee, James Miller",Germany,,2019,TV-G,2 Seasons,"British TV Shows, Children & Family Movies, Crime TV Shows","When an unexpected event occurs, a determined group sets out to uncover the truth."
s0430,Movie,A Second Chance,,"Emma Taylor, Alex Patel, William Thomas, David Sharma","Japan, Australia","August 27, 2022",1992,NR,118 min,Children & Family Movies,"A compelling story about friendship, family, and unexpected choices."
s0431,Movie,The Final Journey,Ava Garcia,"Michael Chen, Ava Brown, David Anderson",Spain,"April 17, 2019",1997,PG,148 min,"Horror Movies, Thrillers","A powerful story exploring relationships, identity, and the search for belonging."
s0432,Movie,Into the Wild 2003,,"Robert Sharma, Ravi Kim","Mexico, India","September 16, 2022",2021,PG-13,172 min,"Horror Movies, Drama",A group of strangers discovers a secret that changes their lives forever.
s0433,TV Show,The Travelers,,"William Kumar, Robert Singh, Michael Taylor","South Korea, United Kingdom","April 16, 2018",1991,TV-Y,1 Season,"Action & Adventure, Crime TV Shows","A powerful story exploring relationships, identity, and the search for belonging."
s0434,TV Show,Young Hearts 2002,,Grace Jackson,"Mexico, Canada, Japan","June 28, 2024",1997,TV-Y,1 Season,"Stand-Up Comedy, Anime Series","An ambitious journey filled with mystery, humor, and unforgettable moments."
s0435,TV Show,Code Breakers,Ethan Jones,"Emma Sharma, Daniel Chen, James Moore, Sophia Jones",Australia,"August 13, 2020",1990,TV-PG,1 Season,Thrillers,A young protagonist must overcome difficult challenges to find a new beginning.
s0436,Movie,Beyond the River,,"Jordan Williams, Mia Lee, Sophia Taylor","Italy, South Korea","December 03, 2020",2012,G,141 min,"Documentaries, Reality TV","An ambitious journey filled with mystery, humor, and unforgettable moments."
s0437,Movie,The Great Escape,Thomas Patel,"Ethan Martin, Emma Martin, Noah Davis, Arjun Martin",Canada,"May 11, 2023",2023,PG-13,84 min,Sci-Fi & Fantasy,"When an unexpected event occurs, a determined group sets out to uncover the truth."
s0438,TV Show,The Family House,Maya Chen,"Robert Kumar, Priya Patel",Spain,"May 30, 2019",1990,TV-G,3 Seasons,"International Movies, Documentaries, Reality TV","An ambitious journey filled with mystery, humor, and unforgettable moments."
s0439,TV Show,The Travelers,,"Arjun Smith, Ravi Patel","United States, Italy, Canada","January 09, 2026",2010,TV-MA,4 Seasons,Action & Adventure,"An ambitious journey filled with mystery, humor, and unforgettable moments."
s0440,Movie,The Final Journey 2013,William Lee,"Ava Jones, Lucas Martin",France,"September 17, 2022",1999,R,143 min,"Docuseries, Kids' TV",A group of strangers discovers a secret that changes their lives forever.
s0441,Movie,One More Day,Mia Martinez,"Lucas Chen, Ravi Lee, Ravi Smith, Priya Chen",Mexico,,1994,TV-MA,178 min,Action & Adventure,"A powerful story exploring relationships, identity, and the search for belonging."
s0442,Movie,Under the Stars,James Lee,"Isabella Kim, Ananya Moore, Liam Kumar",Japan,"August 22, 2023",2001,PG,172 min,"Romantic Movies, Children & Family Movies",A group of strangers discovers a secret that changes their lives forever.
s0443,Movie,The Last Horizon 2001,Noah Patel,"Arjun Chen, William Williams, Emma Anderson, Alex Sharma","United Kingdom, India","March 23, 2019",2002,PG,101 min,"Kids' TV, Sci-Fi & Fantasy, Comedy","A compelling story about friendship, family, and unexpected choices."
s0444,TV Show,The Family House 2018,,James Smith,"Italy, Japan, Mexico","April 23, 2023",2006,TV-Y7,1 Season,Documentaries,"An ambitious journey filled with mystery, humor, and unforgettable moments."
s0445,Movie,The Last Horizon,James Singh,"Michael Davis, Sophia Chen, James Brown, Alex Davis","Brazil, Mexico","March 09, 2023",2023,TV-PG,103 min,"Action & Adventure, International Movies","A powerful story exploring relationships, identity, and the search for belonging."
s0446,TV Show,The Detectives 2011,,"Liam Smith, Kiran Williams, Grace Kim, Robert Johnson",Spain,"July 31, 2020",2002,TV-Y,1 Season,British TV Shows,A group of strangers discovers a secret that changes their lives forever.
s0447,Movie,Into the Wild,Maya Smith,"Kiran Anderson, Thomas Chen",United States,"March 02, 2022",2010,R,175 min,"Thrillers, Crime TV Shows","A compelling story about friendship, family, and unexpected choices."
s0448,TV Show,The Family House,,"Lucas Johnson, Ava Patel, James Patel, Arjun Brown",Italy,"November 13, 2021",1992,TV-MA,2 Seasons,Action & Adventure,"When an unexpected event occurs, a determined group sets out to uncover the truth."
s0449,Movie,Lost in Time,,"Maya Moore, Lucas Singh",Brazil,"October 09, 2021",1991,PG-13,108 min,"Reality TV, Stand-Up Comedy",A young protagonist must overcome difficult challenges to find a new beginning.
s0450,Movie,Summer Dreams,Liam Anderson,,United Kingdom,"September 08, 2023",1990,PG-13,99 min,Drama,"An ambitious journey filled with mystery, humor, and unforgettable moments."
s0451,Movie,Beyond the River,Ethan Martin,"Arjun Smith, Mia Williams",Italy,"December 09, 2024",2020,R,163 min,Docuseries,"When an unexpected event occurs, a determined group sets out to uncover the truth."
s0452,TV Show,Worlds Apart,William Kumar,"David Lee, Maya Patel, Daniel Sharma, William Moore",France,"February 08, 2023",2002,TV-G,1 Season,Documentaries,"A compelling story about friendship, family, and unexpected choices."
s0453,TV Show,Hidden Lives 2013,Thomas Thomas,David Wilson,,"May 04, 2018",2010,TV-Y7,1 Season,"Crime TV Shows, Drama",A young protagonist must overcome difficult challenges to find a new beginning.
s0454,Movie,City of Shadows,,"Grace Lee, Priya Smith",Brazil,"June 01, 2020",1994,TV-PG,161 min,Anime Series,"A compelling story about friendship, family, and unexpected choices."
s0455,TV Show,Young Hearts,,"Jordan Jones, Emma Thomas","India, Italy","March 27, 2024",2002,TV-PG,1 Season,Sci-Fi & Fantasy,"A powerful story exploring relationships, identity, and the search for belonging."
s0456,TV Show,Code Breakers,Ravi Johnson,"Liam Martinez, Ravi Singh, Priya Kumar, Noah Brown","Mexico, Germany","January 04, 2019",2008,TV-14,1 Season,Children & Family Movies,"A powerful story exploring relationships, identity, and the search for belonging."
s0457,Movie,The Forgotten Road,Mia Martinez,Olivia Moore,Spain,"January 20, 2024",2018,TV-14,174 min,"Sci-Fi & Fantasy, Documentaries","When an unexpected event occurs, a determined group sets out to uncover the truth."
s0458,Movie,The Long Road Home 2001,Emily Kumar,"Emma Taylor, Thomas Davis, Ava Anderson, Lucas Martinez",France,"January 22, 2022",1991,R,104 min,"Documentaries, Thrillers, Horror Movies","When an unexpected event occurs, a determined group sets out to uncover the truth."
s0459,TV Show,The Family House,,Mia Williams,"United Kingdom, France","September 04, 2019",2019,TV-MA,2 Seasons,"Children & Family Movies, Documentaries, Anime Series","A powerful story exploring relationships, identity, and the search for belonging."
s0460,TV Show,Worlds Apart,,,"Italy, United Kingdom","July 05, 2024",2013,TV-14,2 Seasons,"Anime Series, Horror Movies","An ambitious journey filled with mystery, humor, and unforgettable moments."
s0461,TV Show,The Last Kingdom,David Singh,Kiran Williams,United States,"October 09, 2024",2006,TV-MA,2 Seasons,International Movies,"An ambitious journey filled with mystery, humor, and unforgettable moments."
s0462,TV Show,The Last Kingdom,,"Emily Singh, Thomas Moore",Germany,"September 03, 2018",2018,TV-PG,1 Season,Action & Adventure,"A powerful story exploring relationships, identity, and the search for belonging."
s0463,Movie,Parallel Lives,,"Alex Jackson, Thomas Davis",Spain,"October 04, 2020",2020,TV-PG,170 min,Action & Adventure,"A compelling story about friendship, family, and unexpected choices."
s0464,Movie,Under the Stars,James Anderson,"Sophia Thomas, Thomas Miller, Arjun Davis",Brazil,"June 16, 2026",2014,NR,160 min,British TV Shows,A group of strangers discovers a secret that changes their lives forever.
s0465,Movie,Broken Promises,,Lucas Moore,Germany,"March 03, 2025",2011,G,166 min,"Anime Series, Romantic Movies","A powerful story exploring relationships, identity, and the search for belonging."
s0466,Movie,Broken Promises,Liam Johnson,"Jordan Wilson, James Smith, Daniel Thomas, Ethan Miller",United States,"June 22, 2022",2022,PG-13,114 min,"Reality TV, Sci-Fi & Fantasy",A young protagonist must overcome difficult challenges to find a new beginning.
s0467,TV Show,The Last Kingdom,,Grace Singh,Australia,"October 10, 2021",2019,TV-Y7,3 Seasons,Stand-Up Comedy,"When an unexpected event occurs, a determined group sets out to uncover the truth."
s0468,Movie,The Silent House,,"Liam Martin, David Davis, Emma Singh",United Kingdom,"May 20, 2025",2002,TV-14,128 min,"Horror Movies, Sci-Fi & Fantasy","A powerful story exploring relationships, identity, and the search for belonging."
s0469,TV Show,Young Hearts,Mia Jones,"Emma Kumar, Kiran Jackson","South Korea, Mexico","September 12, 2021",2006,TV-MA,4 Seasons,British TV Shows,A young protagonist must overcome difficult challenges to find a new beginning.
s0470,Movie,Beyond the River 2006,Arjun Anderson,,Japan,"October 11, 2019",2001,NR,126 min,Romantic Movies,"When an unexpected event occurs, a determined group sets out to uncover the truth."
s0471,Movie,Into the Wild,Jordan Wilson,Emily Williams,India,"January 01, 2025",1997,TV-14,162 min,Drama,"A compelling story about friendship, family, and unexpected choices."
s0472,TV Show,Unknown Files 2024,,"Emily Williams, Isabella Jones, Kiran Johnson",France,"February 20, 2026",2009,TV-G,1 Season,Horror Movies,A young protagonist must overcome difficult challenges to find a new beginning.
s0473,TV Show,The Academy,Jordan Sharma,"Maya Johnson, Isabella Sharma, Thomas Kumar","Germany, Canada","April 08, 2021",2000,TV-G,4 Seasons,Drama,"An ambitious journey filled with mystery, humor, and unforgettable moments."
s0474,Movie,Hidden Truth 2001,Daniel Kim,"Michael Miller, David Jackson, Maya Jones, Daniel Lee",Spain,"December 31, 2022",2006,G,91 min,International Movies,A young protagonist must overcome difficult challenges to find a new beginning.
s0475,Movie,The Great Escape,,"Emma Kumar, David Smith, Maya Miller","Australia, Italy, Japan","May 30, 2026",2004,TV-PG,125 min,Children & Family Movies,A group of strangers discovers a secret that changes their lives forever.
s0476,TV Show,The Last Kingdom,James Patel,"Ananya Wilson, David Thomas","Mexico, United Kingdom","June 15, 2024",2011,TV-Y,5 Seasons,Sci-Fi & Fantasy,"A powerful story exploring relationships, identity, and the search for belonging."
s0477,Movie,The Great Escape,,"Priya Williams, Ethan Moore",South Korea,"December 03, 2024",2009,G,171 min,"Documentaries, Horror Movies","When an unexpected event occurs, a determined group sets out to uncover the truth."
s0478,Movie,A Second Chance,Ethan Brown,"Noah Thomas, Grace Thomas",Brazil,"April 13, 2019",2015,NR,151 min,"Kids' TV, Action & Adventure, Anime Series","An ambitious journey filled with mystery, humor, and unforgettable moments."
s0479,Movie,The Final Journey,Ethan Smith,David Davis,"India, South Korea","June 29, 2025",1992,TV-14,103 min,"Reality TV, Docuseries","An ambitious journey filled with mystery, humor, and unforgettable moments."
s0480,Movie,One More Day 2004,,"Maya Kim, Ava Davis, Kiran Williams, Emma Wilson",Mexico,"August 05, 2019",2015,TV-MA,86 min,"Thrillers, Anime Series","A powerful story exploring relationships, identity, and the search for belonging."
s0481,Movie,Beyond the River 2025,Ravi Patel,David Lee,Germany,"December 03, 2020",2017,TV-PG,145 min,"Horror Movies, Anime Series, Action & Adventure","When an unexpected event occurs, a determined group sets out to uncover the truth."
s0482,TV Show,Daily Dose,,"James Kim, Jordan Thomas",Spain,"December 16, 2021",2011,TV-G,8 Seasons,International Movies,"A compelling story about friendship, family, and unexpected choices."
s0483,TV Show,The Family House,Ava Williams,"Mia Anderson, Grace Kumar",France,"February 07, 2023",2019,TV-G,4 Seasons,Comedy,A group of strangers discovers a secret that changes their lives forever.
s0484,Movie,Broken Promises,Emily Lee,"Robert Jackson, Robert Chen",Spain,"March 23, 2019",1994,TV-PG,124 min,Kids' TV,A group of strangers discovers a secret that changes their lives forever.
s0485,Movie,Under the Stars,,"Chris Patel, Emma Sharma","Spain, Canada","November 14, 2021",2002,NR,175 min,British TV Shows,"A compelling story about friendship, family, and unexpected choices."
s0486,TV Show,City Stories,Thomas Smith,"Kiran Singh, Liam Patel, Lucas Sharma, Jordan Sharma",Australia,"November 03, 2023",2003,TV-PG,1 Season,Stand-Up Comedy,A group of strangers discovers a secret that changes their lives forever.
s0487,Movie,The Great Escape,Priya Williams,"James Miller, Thomas Sharma, Ravi Jackson",South Korea,"January 26, 2021",1994,PG,162 min,"Crime TV Shows, Action & Adventure","When an unexpected event occurs, a determined group sets out to uncover the truth."
s0488,TV Show,The Academy,,"Noah Jackson, Ava Davis, Arjun Anderson",Mexico,"November 01, 2022",2010,TV-Y7,4 Seasons,"Comedy, Romantic Movies",A young protagonist must overcome difficult challenges to find a new beginning.
s0489,Movie,The Secret Garden,Liam Kim,"Emily Kumar, Ravi Jackson, Priya Miller, James Jackson","Australia, Spain","September 05, 2022",2019,TV-PG,126 min,"Action & Adventure, Sci-Fi & Fantasy",A group of strangers discovers a secret that changes their lives forever.
s0490,Movie,Under the Stars,Ethan Martinez,"William Jones, Isabella Martin, Isabella Kim","Japan, Italy","January 23, 2023",2022,TV-PG,79 min,"Stand-Up Comedy, British TV Shows","A powerful story exploring relationships, identity, and the search for belonging."
s0491,Movie,The Silent House,,,France,"April 29, 2025",1990,TV-MA,175 min,"International Movies, Docuseries","An ambitious journey filled with mystery, humor, and unforgettable moments."
s0492,TV Show,Inside the Case,Lucas Garcia,Maya Moore,"South Korea, United Kingdom, India","May 12, 2022",2001,TV-MA,4 Seasons,"Reality TV, Crime TV Shows, British TV Shows","A compelling story about friendship, family, and unexpected choices."
s0493,Movie,The Long Road Home,,"Noah Davis, Chris Patel","France, Spain, India","March 24, 2020",2001,TV-PG,141 min,Drama,A young protagonist must overcome difficult challenges to find a new beginning.
s0494,TV Show,Inside the Case,,Ethan Patel,France,"September 05, 2025",2020,TV-G,1 Season,"Kids' TV, Reality TV","An ambitious journey filled with mystery, humor, and unforgettable moments."
s0495,Movie,The Last Horizon 2017,,"Liam Smith, Sophia Kim","Mexico, United Kingdom, Brazil","March 07, 2019",1992,TV-PG,149 min,"British TV Shows, Docuseries, Anime Series",A group of strangers discovers a secret that changes their lives forever.
s0496,Movie,Beyond the River,,"Mia Thomas, Emily Taylor",South Korea,"November 21, 2019",2017,PG-13,110 min,Docuseries,A young protagonist must overcome difficult challenges to find a new beginning.
s0497,TV Show,After Midnight,,,United States,"December 20, 2025",2013,TV-MA,3 Seasons,Kids' TV,A group of strangers discovers a secret that changes their lives forever.
s0498,Movie,Parallel Lives,Robert Wilson,"Emily Jackson, Chris Singh, Chris Lee, Sophia Sharma",India,"May 06, 2018",2001,R,128 min,Documentaries,"An ambitious journey filled with mystery, humor, and unforgettable moments."
s0499,Movie,Under the Stars,Maya Williams,Arjun Sharma,United States,"September 17, 2018",2018,PG,174 min,"Drama, Docuseries, Horror Movies",A group of strangers discovers a secret that changes their lives forever.
s0500,TV Show,The Last Kingdom,,"Mia Kim, Emily Thomas, Ravi Patel, Kiran Davis","Germany, United States, Spain","August 20, 2018",2018,TV-Y,1 Season,Anime Series,"An ambitious journey filled with mystery, humor, and unforgettable moments."
