Order_ID,Order_Date,Customer_ID,Customer_Name,Gender,Age,Region,State,City,Product_Category,Product,Quantity,Unit_Price,Discount,Sales,Payment_Method,Order_Status,Salesperson
ORD00001,2025-01-07,CUST0100,Sneha Das,Female,19.0,South,Kerala,Kochi,Electronics,Tablet,3,17844.0,0,53532.0,Debit Card,Delivered,Divya Sharma
ORD00002,2025-11-12,CUST0188,Pooja Patel,Male,20.0,South,Kerala,Kochi,Clothing,Jeans,3,1582.58,5,4510.35,Cash,Delivered,Vijay Reddy
ORD00003,2024-04-01,CUST0264,Naveen Patel,Female,53.0,West,Maharashtra,Pune,Groceries,Coffee,3,441.75,0,1325.25,UPI,Delivered,Ananya Sharma
ORD00004,2024-09-26,CUST0271,Sneha Iyer,Female,57.0,West,Maharashtra,Pune,Clothing,Dress,8,2296.85,20,0.0,Cash,Cancelled,Suresh Sharma
ORD00005,2025-06-04,CUST0129,Neha Das,Male,28.0,West,Goa,Panaji,Furniture,Sofa,3,26996.48,5,76939.97,UPI,Delivered,Sneha Patel
ORD00006,2024-02-17,CUST0062,Karthik Patel,Female,39.0,North,Rajasthan,Jaipur,Electronics,Smartphone,1,29626.7,10,26664.03,Net Banking,Delivered,Arun Patel
ORD00007,2024-01-15,CUST0042,Suresh Patel,Male,56.0,South,Andhra Pradesh,Vijayawada,Home Appliances,Water Purifier,3,14606.97,10,39438.82,Credit Card,Delivered,Ananya Reddy
ORD00008,2025-07-31,CUST0170,Suresh Gupta,Male,45.0,South,Kerala,Kochi,Clothing,Dress,1,2051.1,5,1948.54,Cash,Delivered,Neha Singh
ORD00009,2025-09-24,CUST0116,Suresh Gupta,Male,23.0,East,Bihar,Patna,Furniture,Sofa,2,29822.59,5,56662.92,Credit Card,Delivered,Ravi Reddy
ORD00010,2025-05-11,CUST0052,Neha Iyer,Male,54.0,North,Uttar Pradesh,Lucknow,Furniture,Bookshelf,2,5516.54,15,9378.12,UPI,Delivered,Vikram Kumar
ORD00011,2025-12-10,CUST0247,Ananya Iyer,Female,34.0,East,Odisha,Bhubaneswar,Electronics,Laptop,3,56590.21,10,152793.57,Debit Card,Delivered,Karthik Singh
ORD00012,2025-02-06,CUST0147,Isha Iyer,Male,50.0,East,Odisha,Bhubaneswar,Clothing,T-Shirt,1,700.92,15,0.0,Credit Card,Cancelled,Vijay Sharma
ORD00013,2024-05-23,CUST0112,Isha Kumar,Male,65.0,North,Rajasthan,Jaipur,Furniture,Office Chair,1,7549.74,15,6417.28,Net Banking,Delivered,Karthik Reddy
ORD00014,2025-11-03,CUST0116,Amit Kumar,Male,55.0,East,Bihar,Patna,Furniture,Bookshelf,4,5805.06,20,18576.19,Debit Card,Delivered,Rahul Gupta
ORD00015,2025-08-02,CUST0289,Kavya Reddy,Male,25.0,North,Delhi,New Delhi,Furniture,Study Table,2,8925.73,25,13388.6,Cash,Delivered,Vikram Kumar
ORD00016,2025-08-31,CUST0284,Naveen Kumar,Male,65.0,West,Gujarat,Ahmedabad,Furniture,Bed,2,34079.23,10,61342.61,UPI,Delivered,Rahul Kumar
ORD00017,2024-12-14,CUST0181,Rahul Kumar,Male,38.0,South,Karnataka,Bengaluru,Groceries,Snacks,2,191.04,15,324.77,UPI,Returned,Arun Patel
ORD00018,2025-10-24,CUST0127,Meena Sharma,Male,57.0,South,Tamil Nadu,Chennai,Furniture,Study Table,8,8381.4,5,63698.64,Debit Card,Delivered,Amit Nair
ORD00019,2024-02-05,CUST0173,Isha Kumar,Male,63.0,South,Kerala,Kochi,Furniture,Study Table,5,9528.58,20,38114.32,Debit Card,Delivered,Neha Patel
ORD00020,2024-12-07,CUST0180,Meena Nair,Male,60.0,South,Karnataka,Bengaluru,Clothing,Jacket,2,2819.1,5,5356.29,UPI,Delivered,Arun Das
ORD00021,2025-10-17,CUST0269,Swathi Rao,Male,34.0,North,Punjab,Amritsar,Groceries,Coffee,5,428.0,10,1926.0,Credit Card,Delivered,Rohan Rao
ORD00022,2024-04-05,CUST0126,Pooja Gupta,Female,18.0,South,Kerala,Kochi,Electronics,Laptop,4,51112.1,20,163558.72,Net Banking,Delivered,Vijay Reddy
ORD00023,2024-03-09,CUST0047,Vikram Singh,Male,33.0,West,Gujarat,Ahmedabad,Electronics,Smartphone,2,29155.15,0,58310.3,UPI,Delivered,Pooja Reddy
ORD00024,2024-08-10,CUST0250,Rohan Rao,Male,22.0,West,Maharashtra,Mumbai,Clothing,Dress,2,2240.78,10,4033.4,Debit Card,Delivered,Pooja Das
ORD00025,2025-11-21,CUST0101,Neha Patel,Female,57.0,East,Odisha,Bhubaneswar,Electronics,Headphones,5,2570.87,10,11568.92,Net Banking,Delivered,Neha Sharma
ORD00026,2024-04-24,CUST0105,Vijay Singh,Female,62.0,South,Tamil Nadu,Coimbatore,Home Appliances,Mixer Grinder,3,3435.82,15,8761.34,Net Banking,Delivered,Ananya Gupta
ORD00027,2024-04-05,CUST0152,Karthik Kumar,Female,40.0,North,Delhi,New Delhi,Clothing,Dress,4,2308.01,25,6924.03,Debit Card,Delivered,Ravi Kumar
ORD00028,2024-03-16,CUST0265,Vijay Singh,Female,64.0,West,Goa,Panaji,Home Appliances,Water Purifier,6,13751.81,0,82510.86,UPI,Returned,Karthik Patel
ORD00029,2024-07-04,CUST0223,Karthik Patel,Female,60.0,West,Goa,Panaji,Clothing,Sneakers,8,3344.02,0,26752.16,Debit Card,Returned,Naveen Gupta
ORD00030,2024-01-29,CUST0165,Divya Patel,Female,62.0,North,Punjab,Amritsar,Groceries,Snacks,1,177.02,20,141.62,Credit Card,Delivered,Isha Kumar
ORD00031,2024-03-31,CUST0202,Rohan Iyer,Male,62.0,East,West Bengal,Kolkata,Clothing,Sneakers,2,2986.75,15,5077.47,UPI,Delivered,Isha Das
ORD00032,2024-04-26,CUST0134,Neha Reddy,Male,38.0,South,Tamil Nadu,Chennai,Home Appliances,Air Fryer,3,6980.66,5,19894.88,Net Banking,Delivered,Karthik Singh
ORD00033,2024-09-15,CUST0144,Amit Rao,Female,25.0,West,Goa,Panaji,Electronics,Laptop,1,53191.55,25,39893.66,Credit Card,Delivered,Sneha Rao
ORD00034,2025-05-16,CUST0145,Ravi Kumar,Male,30.0,South,Tamil Nadu,Coimbatore,Furniture,Sofa,3,26108.25,25,58743.56,Debit Card,Returned,Suresh Patel
ORD00035,2024-01-05,CUST0119,Arun Nair,Female,49.0,North,Uttar Pradesh,Lucknow,Furniture,Bed,3,31581.4,20,0.0,Net Banking,Cancelled,Amit Reddy
ORD00036,2025-02-08,CUST0006,Vikram Reddy,Female,55.0,North,Delhi,New Delhi,Groceries,Tea,3,232.54,0,697.62,Net Banking,Delivered,Karthik Reddy
ORD00037,2025-03-21,CUST0288,Priya Das,Male,51.0,East,Odisha,Bhubaneswar,Furniture,Bed,2,30101.3,25,45151.95,,Delivered,Rahul Sharma
ORD00038,2025-07-31,CUST0075,Rohan Iyer,Male,51.0,East,Odisha,Bhubaneswar,Groceries,Tea,2,235.36,0,470.72,Credit Card,Delivered,Priya Sharma
ORD00039,2024-04-15,CUST0051,Vikram Reddy,Female,27.0,West,Gujarat,Ahmedabad,Electronics,Smartphone,2,28062.67,15,47706.54,Net Banking,Delivered,Meena Kumar
ORD00040,2024-04-20,CUST0249,Pooja Nair,Female,,South,Kerala,Kochi,Groceries,Snacks,2,171.62,10,308.92,UPI,Delivered,Rahul Patel
ORD00041,2025-06-17,CUST0001,Karthik Gupta,Male,63.0,West,Goa,Panaji,Electronics,Smartphone,1,29441.62,5,27969.54,Credit Card,Delivered,Kavya Rao
ORD00042,2024-12-02,CUST0026,Ananya Kumar,Male,52.0,North,Delhi,New Delhi,Electronics,Laptop,4,55102.58,0,220410.32,UPI,Delivered,Naveen Das
ORD00043,2025-09-14,CUST0238,Amit Sharma,Male,,West,Maharashtra,Pune,Home Appliances,Microwave,4,8332.82,5,31664.72,Credit Card,Delivered,Karthik Rao
ORD00044,2025-01-28,CUST0067,Ravi Sharma,Male,64.0,West,Maharashtra,Mumbai,Electronics,Smartphone,3,26804.81,5,76393.71,Debit Card,Delivered,Naveen Das
ORD00045,2024-11-10,CUST0229,Arun Reddy,Male,23.0,West,Goa,Panaji,Electronics,Laptop,2,58516.9,10,105330.42,Credit Card,Delivered,Pooja Singh
ORD00046,2024-08-10,CUST0006,Priya Singh,Female,21.0,East,Odisha,Bhubaneswar,Furniture,Office Chair,1,7529.41,10,6776.47,UPI,Returned,Vikram Das
ORD00047,2024-04-27,CUST0275,Isha Kumar,Female,29.0,North,Uttar Pradesh,Lucknow,Groceries,Tea,3,241.2,15,615.06,UPI,Delivered,Kavya Nair
ORD00048,2025-10-11,CUST0172,Priya Das,Female,18.0,West,Gujarat,Ahmedabad,Groceries,Snacks,3,167.09,5,476.21,UPI,Delivered,Ravi Kumar
ORD00049,2025-04-03,CUST0137,Priya Patel,Male,57.0,South,Andhra Pradesh,Vijayawada,Furniture,Office Chair,5,7795.17,10,35078.26,Debit Card,Returned,Sneha Gupta
ORD00050,2025-08-23,CUST0237,Meena Gupta,Female,25.0,North,Punjab,Amritsar,Electronics,Tablet,1,17238.79,10,15514.91,Credit Card,Returned,Kavya Patel
ORD00051,2025-09-07,CUST0104,Rohan Iyer,Male,23.0,West,Maharashtra,Mumbai,Home Appliances,Mixer Grinder,1,3723.76,5,3537.57,UPI,Delivered,Rohan Das
ORD00052,2025-03-16,CUST0097,Karthik Iyer,Male,21.0,North,Punjab,Amritsar,Home Appliances,Water Purifier,2,14540.87,10,26173.57,Credit Card,Returned,Meena Reddy
ORD00053,2024-06-05,CUST0136,Karthik Singh,Female,19.0,East,West Bengal,Kolkata,Electronics,Tablet,1,18997.78,0,18997.78,UPI,Delivered,Rohan Patel
ORD00054,2024-01-23,CUST0218,Suresh Das,Male,42.0,West,Maharashtra,Pune,Electronics,Tablet,5,19322.14,5,91780.16,UPI,Delivered,Sneha Singh
ORD00055,2025-04-06,CUST0296,Ravi Nair,Female,18.0,East,West Bengal,Kolkata,Groceries,Cooking Oil,4,156.79,0,627.16,UPI,Delivered,Kavya Singh
ORD00056,2025-03-11,CUST0117,Ravi Patel,Male,42.0,South,Tamil Nadu,Chennai,Furniture,Bookshelf,3,5411.12,0,16233.36,Cash,Delivered,Divya Sharma
ORD00057,2024-01-25,CUST0180,Divya Reddy,Female,46.0,West,Gujarat,Ahmedabad,Home Appliances,Mixer Grinder,3,3238.39,20,7772.14,Credit Card,Delivered,Swathi Reddy
ORD00058,2024-11-22,CUST0257,Suresh Iyer,Male,36.0,West,Maharashtra,Mumbai,Groceries,Rice,3,951.93,10,2570.21,UPI,Delivered,Vikram Das
ORD00059,2025-10-05,CUST0264,Vijay Patel,Male,27.0,West,Maharashtra,Mumbai,Home Appliances,Microwave,3,8914.7,10,24069.69,Net Banking,Delivered,Priya Kumar
ORD00060,2024-11-23,CUST0054,Naveen Reddy,Male,50.0,South,Karnataka,Bengaluru,Home Appliances,Water Purifier,2,14115.86,5,26820.13,Credit Card,Delivered,Sneha Sharma
ORD00061,2024-01-07,CUST0263,Arun Iyer,Female,65.0,North,Punjab,Amritsar,Home Appliances,Air Fryer,8,6962.19,0,55697.52,UPI,Delivered,Ananya Sharma
ORD00062,2024-09-17,CUST0293,Divya Gupta,Male,61.0,East,Bihar,Patna,Clothing,Jacket,2,2746.1,10,4942.98,UPI,Delivered,Neha Das
ORD00063,2024-10-07,CUST0201,Amit Singh,Male,46.0,South,Andhra Pradesh,Vijayawada,Clothing,T-Shirt,2,701.4,15,1192.38,UPI,Delivered,Karthik Nair
ORD00064,2025-08-21,CUST0117,Meena Nair,Male,48.0,East,West Bengal,Kolkata,Home Appliances,Mixer Grinder,2,3530.34,15,0.0,Cash,Cancelled,Sneha Sharma
ORD00065,2025-07-29,CUST0130,Amit Kumar,Male,53.0,West,Maharashtra,Mumbai,Clothing,Jeans,6,1579.21,5,9001.5,Debit Card,Delivered,Amit Das
ORD00066,2024-11-07,CUST0289,Ananya Singh,Male,60.0,West,Goa,Panaji,Home Appliances,Air Fryer,8,6392.52,25,38355.12,Cash,Delivered,Suresh Sharma
ORD00067,2024-01-25,CUST0039,Rahul Patel,Male,61.0,West,Maharashtra,Pune,Electronics,Laptop,2,54232.58,15,92195.39,Debit Card,Delivered,Divya Sharma
ORD00068,2024-01-12,CUST0080,Rohan Das,Female,34.0,South,Kerala,Kochi,Electronics,Headphones,8,2616.01,15,17788.87,Debit Card,Delivered,Pooja Nair
ORD00069,2025-12-11,CUST0282,Vijay Reddy,Female,65.0,East,Odisha,Bhubaneswar,Clothing,Jacket,10,2998.94,0,29989.4,UPI,Delivered,Swathi Singh
ORD00070,2024-05-10,CUST0293,Amit Das,Male,40.0,North,Uttar Pradesh,Lucknow,Clothing,T-Shirt,3,684.85,10,1849.1,UPI,Delivered,Naveen Das
ORD00071,2024-11-06,CUST0227,Meena Sharma,Male,30.0,West,Maharashtra,Mumbai,Clothing,Dress,3,2335.86,10,6306.82,Credit Card,Delivered,Rahul Iyer
ORD00072,2025-01-11,CUST0266,Vijay Singh,Female,47.0,South,Kerala,Kochi,Home Appliances,Water Purifier,1,13954.71,10,12559.24,UPI,Delivered,Suresh Das
ORD00073,2024-12-09,CUST0140,Karthik Reddy,Male,23.0,South,Karnataka,Bengaluru,Home Appliances,Water Purifier,1,12920.04,25,9690.03,Net Banking,Delivered,Kavya Das
ORD00074,2024-08-30,CUST0107,Priya Gupta,Male,20.0,West,Maharashtra,Mumbai,Groceries,Coffee,1,442.91,20,354.33,Cash,Delivered,Karthik Reddy
ORD00075,2024-03-02,CUST0145,Rahul Patel,Male,64.0,West,Gujarat,Ahmedabad,Groceries,Tea,3,251.0,5,715.35,UPI,Delivered,Ananya Reddy
ORD00076,2025-06-04,CUST0040,Karthik Sharma,Male,32.0,South,Tamil Nadu,Chennai,Furniture,Bookshelf,1,5842.1,25,0.0,UPI,Cancelled,Karthik Rao
ORD00077,2024-11-13,CUST0115,Rahul Das,Female,57.0,West,Maharashtra,Mumbai,Electronics,Tablet,6,19415.45,0,0.0,Credit Card,Cancelled,Suresh Kumar
ORD00078,2024-12-10,CUST0181,Meena Singh,Female,55.0,East,Bihar,Patna,Groceries,Coffee,5,476.45,15,0.0,UPI,Cancelled,Karthik Rao
ORD00079,2024-09-14,CUST0206,Suresh Iyer,Male,30.0,West,Gujarat,Ahmedabad,Home Appliances,Microwave,5,8609.22,20,34436.88,Debit Card,Delivered,Vikram Gupta
ORD00080,2024-08-11,CUST0060,Naveen Reddy,Male,21.0,North,Rajasthan,Jaipur,Furniture,Bed,4,29987.74,15,101958.32,UPI,Delivered,Ananya Sharma
ORD00081,2024-11-01,CUST0270,Naveen Singh,Female,29.0,East,West Bengal,Kolkata,Home Appliances,Mixer Grinder,3,3413.69,10,9216.96,UPI,Delivered,Amit Kumar
ORD00082,2025-05-03,CUST0039,Naveen Iyer,Female,28.0,South,Tamil Nadu,Madurai,Electronics,Smartphone,1,27859.06,20,22287.25,UPI,Delivered,Priya Singh
ORD00083,2024-03-24,CUST0262,Rohan Gupta,Male,18.0,North,Rajasthan,Jaipur,Groceries,Coffee,1,466.65,20,0.0,UPI,Cancelled,Divya Sharma
ORD00084,2025-10-18,CUST0093,Sneha Sharma,Female,20.0,South,Tamil Nadu,Chennai,Clothing,Sneakers,3,3185.42,10,8600.63,Debit Card,Delivered,Neha Reddy
ORD00085,2025-06-04,CUST0166,Pooja Gupta,Male,39.0,East,Odisha,Bhubaneswar,Clothing,T-Shirt,1,711.01,10,639.91,Credit Card,Delivered,Priya Das
ORD00086,2025-06-27,CUST0011,Suresh Gupta,Female,55.0,West,Goa,Panaji,Furniture,Bed,1,31449.57,10,28304.61,Net Banking,Delivered,Amit Nair
ORD00087,2025-11-03,CUST0202,Sneha Sharma,Male,19.0,North,Delhi,New Delhi,Electronics,Laptop,3,50761.64,10,137056.43,Credit Card,Delivered,Ravi Kumar
ORD00088,2024-04-15,CUST0123,Divya Gupta,Female,56.0,North,Uttar Pradesh,Lucknow,Furniture,Study Table,10,8569.24,15,0.0,Debit Card,Cancelled,Ravi Sharma
ORD00089,2025-01-24,CUST0022,Rahul Gupta,Male,31.0,East,Odisha,Bhubaneswar,Clothing,Sneakers,2,3361.19,0,0.0,UPI,Cancelled,Neha Iyer
ORD00090,2024-11-04,CUST0183,Rohan Sharma,Male,36.0,North,Delhi,New Delhi,Groceries,Cooking Oil,2,159.24,15,0.0,UPI,Cancelled,Ravi Patel
ORD00091,2025-12-25,CUST0159,Isha Reddy,Male,61.0,South,Tamil Nadu,Madurai,Home Appliances,Water Purifier,2,13336.02,20,21337.63,Debit Card,Delivered,Swathi Kumar
ORD00092,2024-10-21,CUST0243,Rohan Rao,Female,29.0,West,Maharashtra,Mumbai,Furniture,Bed,2,32543.69,10,58578.64,Credit Card,Delivered,Swathi Das
ORD00093,2025-01-09,CUST0293,Karthik Nair,Male,64.0,North,Delhi,New Delhi,Electronics,Smartwatch,6,5692.5,5,32447.25,Credit Card,Returned,Vijay Gupta
ORD00094,2025-03-24,CUST0164,Suresh Iyer,Male,28.0,North,Rajasthan,Jaipur,Electronics,Headphones,2,2459.62,20,3935.39,Net Banking,Delivered,Kavya Rao
ORD00095,2024-10-10,CUST0121,Amit Reddy,Male,29.0,West,Goa,Panaji,Home Appliances,Mixer Grinder,2,3549.22,20,5678.75,Credit Card,Delivered,Vikram Das
ORD00096,2024-10-19,CUST0020,Arun Iyer,Male,54.0,North,Punjab,Amritsar,Groceries,Coffee,3,416.46,25,937.03,Net Banking,Delivered,Karthik Kumar
ORD00097,2024-11-01,CUST0285,Vijay Das,Male,40.0,West,Maharashtra,Pune,Home Appliances,Vacuum Cleaner,10,9132.56,0,91325.6,Debit Card,Returned,Isha Iyer
ORD00098,2025-10-30,CUST0005,Naveen Nair,Male,18.0,South,Kerala,Kochi,Electronics,Smartphone,1,28776.98,25,21582.74,Cash,Delivered,Amit Rao
ORD00099,2024-05-26,CUST0287,,Female,58.0,South,Tamil Nadu,Coimbatore,Clothing,T-Shirt,1,748.27,15,636.03,UPI,Delivered,Priya Sharma
ORD00100,2024-11-19,CUST0098,Divya Singh,Female,23.0,West,Gujarat,Ahmedabad,Groceries,Rice,10,936.35,0,9363.5,Net Banking,Delivered,Suresh Gupta
ORD00101,2025-08-27,CUST0224,Vikram Patel,Male,43.0,South,Kerala,Kochi,Home Appliances,Mixer Grinder,2,3572.92,10,6431.26,Credit Card,Delivered,Sneha Rao
ORD00102,2025-10-26,CUST0012,Karthik Sharma,Female,32.0,North,Delhi,New Delhi,Furniture,Study Table,8,9499.92,20,0.0,Credit Card,Cancelled,Naveen Iyer
ORD00103,2024-05-03,CUST0281,Ananya Patel,Male,38.0,North,Uttar Pradesh,Lucknow,Home Appliances,Air Fryer,1,6183.61,0,6183.61,Credit Card,Delivered,Rohan Sharma
ORD00104,2024-04-15,CUST0158,Swathi Sharma,Male,21.0,South,Karnataka,Bengaluru,Electronics,Smartwatch,3,6412.42,10,17313.53,Cash,Delivered,Amit Iyer
ORD00105,2025-01-19,CUST0172,Suresh Rao,Male,30.0,North,Uttar Pradesh,Lucknow,Home Appliances,Mixer Grinder,3,3363.68,25,7568.28,Debit Card,Delivered,Ravi Rao
ORD00106,2024-10-19,CUST0068,Swathi Das,Female,56.0,South,Tamil Nadu,Coimbatore,Electronics,Laptop,5,58520.2,5,277970.95,Debit Card,Delivered,Swathi Patel
ORD00107,2025-10-23,CUST0293,Naveen Patel,Female,49.0,West,Maharashtra,Mumbai,Furniture,Bed,1,33212.79,20,26570.23,Debit Card,Delivered,Ravi Gupta
ORD00108,2025-04-03,CUST0280,Kavya Patel,Female,55.0,West,Maharashtra,Pune,Electronics,Tablet,3,17835.02,10,48154.55,Credit Card,Delivered,Vijay Singh
ORD00109,2025-07-14,CUST0130,Karthik Reddy,Male,25.0,South,Tamil Nadu,Chennai,Clothing,T-Shirt,2,669.39,5,1271.84,Debit Card,Delivered,Neha Rao
ORD00110,2024-09-20,CUST0150,Neha Rao,Female,30.0,South,Andhra Pradesh,Vijayawada,Electronics,Smartwatch,3,6055.47,15,15441.45,Debit Card,Delivered,Naveen Gupta
ORD00111,2025-05-29,CUST0144,Suresh Iyer,Male,57.0,South,Tamil Nadu,Coimbatore,Electronics,Laptop,5,50610.88,5,240401.68,UPI,Returned,Isha Das
ORD00112,2025-04-04,CUST0038,Isha Sharma,Male,53.0,North,Delhi,New Delhi,Home Appliances,Water Purifier,1,13455.79,15,0.0,UPI,Cancelled,Swathi Sharma
ORD00113,2025-04-10,CUST0262,Rahul Nair,Male,39.0,West,Maharashtra,Pune,Groceries,Rice,3,946.84,5,2698.49,Credit Card,Returned,Isha Rao
ORD00114,2024-03-07,CUST0007,Isha Gupta,Male,52.0,West,Maharashtra,Mumbai,Electronics,Smartphone,3,28780.88,10,77708.38,,Delivered,Priya Patel
ORD00115,2024-04-19,CUST0238,Isha Patel,Female,23.0,South,Karnataka,Bengaluru,Clothing,Jeans,5,1505.93,20,6023.72,UPI,Returned,Priya Das
ORD00116,2025-06-26,CUST0020,Swathi Nair,Male,60.0,West,Goa,Panaji,Electronics,Smartwatch,1,6265.65,0,6265.65,Debit Card,Delivered,Rohan Patel
ORD00117,2024-03-23,CUST0099,Ravi Patel,Male,33.0,West,Maharashtra,Pune,Furniture,Study Table,2,9366.13,10,16859.03,UPI,Delivered,Ananya Singh
ORD00118,2024-03-03,CUST0116,Rahul Iyer,Female,39.0,East,West Bengal,Kolkata,Electronics,Smartwatch,2,6118.94,10,11014.09,Cash,Delivered,Karthik Nair
ORD00119,2025-02-26,CUST0065,Suresh Reddy,Female,62.0,East,Bihar,Patna,Furniture,Bookshelf,2,5755.5,10,10359.9,Net Banking,Delivered,Swathi Reddy
ORD00120,2025-05-24,CUST0196,Priya Singh,Male,,East,West Bengal,Kolkata,Electronics,Smartwatch,3,5999.36,5,17098.18,Credit Card,Delivered,Ravi Singh
ORD00121,2024-05-09,CUST0060,Pooja Kumar,Female,57.0,East,Odisha,Bhubaneswar,Home Appliances,Water Purifier,1,13108.81,15,11142.49,Credit Card,Returned,Amit Iyer
ORD00122,2025-02-19,CUST0087,Karthik Das,Male,40.0,North,Rajasthan,Jaipur,Furniture,Office Chair,3,6979.98,10,18845.95,Debit Card,Delivered,Suresh Patel
ORD00123,2024-07-29,CUST0028,Rohan Rao,Male,47.0,South,Tamil Nadu,Chennai,Groceries,Snacks,2,178.9,25,268.35,Cash,Returned,Sneha Rao
ORD00124,2025-08-12,CUST0105,Ravi Gupta,Female,27.0,South,Karnataka,Bengaluru,Groceries,Rice,10,924.1,0,9241.0,Debit Card,Delivered,Neha Das
ORD00125,2025-10-26,CUST0124,Swathi Nair,Male,37.0,South,Kerala,Kochi,Clothing,Sneakers,1,2966.39,0,2966.39,UPI,Delivered,Rohan Kumar
ORD00126,2025-09-29,CUST0238,Vijay Iyer,Female,28.0,North,Rajasthan,Jaipur,Clothing,T-Shirt,2,704.93,10,1268.87,UPI,Delivered,Amit Gupta
ORD00127,2025-02-10,CUST0088,Neha Nair,Female,50.0,East,West Bengal,Kolkata,Home Appliances,Microwave,1,9325.41,15,7926.6,Credit Card,Delivered,Rohan Iyer
ORD00128,2024-05-08,CUST0261,Rahul Kumar,Male,52.0,North,Rajasthan,Jaipur,Clothing,T-Shirt,4,661.93,10,2382.95,Credit Card,Delivered,Meena Sharma
ORD00129,2025-08-20,CUST0234,Neha Kumar,Male,51.0,South,Tamil Nadu,Coimbatore,Home Appliances,Air Fryer,1,6349.6,15,5397.16,Debit Card,Delivered,Isha Patel
ORD00130,2024-08-14,CUST0154,Karthik Nair,Male,57.0,North,Uttar Pradesh,Lucknow,Groceries,Snacks,1,176.7,10,159.03,UPI,Delivered,Meena Nair
ORD00131,2024-12-01,CUST0186,Isha Singh,Male,41.0,South,Karnataka,Bengaluru,Home Appliances,Vacuum Cleaner,2,9009.0,10,16216.2,Debit Card,Delivered,Swathi Patel
ORD00132,2025-12-04,CUST0019,Pooja Singh,Male,50.0,South,Karnataka,Bengaluru,Furniture,Bookshelf,1,5354.13,15,4551.01,UPI,Delivered,Isha Kumar
ORD00133,2024-02-16,CUST0198,Naveen Iyer,Female,33.0,West,Gujarat,Ahmedabad,Home Appliances,Mixer Grinder,8,3579.84,10,25774.85,UPI,Delivered,Isha Rao
ORD00134,2025-06-30,CUST0069,Karthik Singh,Female,27.0,South,Kerala,Kochi,Home Appliances,Water Purifier,4,14962.34,15,50871.96,Net Banking,Delivered,Ananya Nair
ORD00135,2025-11-16,CUST0188,Isha Das,Male,38.0,North,Uttar Pradesh,Lucknow,Home Appliances,Microwave,6,9403.51,0,56421.06,UPI,Delivered,Neha Rao
ORD00136,2025-12-29,CUST0205,Divya Gupta,Male,60.0,South,Karnataka,Bengaluru,Electronics,Smartwatch,4,6455.84,5,24532.19,UPI,Delivered,Amit Gupta
ORD00137,2025-03-01,CUST0154,Neha Das,Male,54.0,South,Tamil Nadu,Coimbatore,Furniture,Study Table,4,9069.58,0,0.0,Net Banking,Cancelled,Swathi Reddy
ORD00138,2025-02-28,CUST0161,Swathi Reddy,Male,59.0,North,Uttar Pradesh,Lucknow,Electronics,Laptop,2,59153.65,10,106476.57,UPI,Delivered,Arun Kumar
ORD00139,2025-05-08,CUST0198,Priya Kumar,Male,22.0,East,West Bengal,Kolkata,Groceries,Cooking Oil,3,167.47,10,452.17,Net Banking,Delivered,Pooja Gupta
ORD00140,2025-07-24,CUST0138,Rahul Patel,Female,49.0,North,Uttar Pradesh,Lucknow,Groceries,Tea,3,251.82,0,755.46,UPI,Delivered,Isha Rao
ORD00141,2025-11-10,CUST0058,Vikram Sharma,Male,20.0,South,Andhra Pradesh,Vijayawada,Home Appliances,Water Purifier,3,13242.03,5,37739.79,Net Banking,Returned,Arun Rao
ORD00142,2024-09-24,CUST0074,Sneha Das,Male,58.0,West,Maharashtra,Pune,Furniture,Office Chair,2,7012.09,10,12621.76,Credit Card,Delivered,Sneha Iyer
ORD00143,2025-01-21,CUST0259,Swathi Das,Male,45.0,North,Rajasthan,Jaipur,Groceries,Cooking Oil,1,165.02,15,140.27,UPI,Delivered,Sneha Reddy
ORD00144,2024-01-16,CUST0129,Suresh Iyer,Male,47.0,North,Punjab,Amritsar,Electronics,Smartwatch,4,6449.05,20,20636.96,Debit Card,Delivered,Ananya Nair
ORD00145,2025-10-27,CUST0133,Rahul Gupta,Female,23.0,East,Bihar,Patna,Electronics,Headphones,4,2337.21,0,0.0,Debit Card,Cancelled,Neha Gupta
ORD00146,2024-10-03,CUST0156,Arun Reddy,Male,51.0,West,Gujarat,Ahmedabad,Clothing,T-Shirt,2,699.35,15,1188.9,UPI,Delivered,Naveen Sharma
ORD00147,2025-12-24,CUST0272,Priya Sharma,Male,45.0,North,Delhi,New Delhi,Furniture,Office Chair,5,7465.54,25,27995.78,Debit Card,Delivered,Divya Gupta
ORD00148,2024-08-14,CUST0117,Kavya Singh,Female,29.0,North,Delhi,New Delhi,Home Appliances,Air Fryer,4,6513.16,5,24750.01,UPI,Delivered,Ravi Patel
ORD00149,2024-05-21,CUST0100,Sneha Patel,Male,31.0,South,Tamil Nadu,Coimbatore,Clothing,Jacket,1,2651.75,5,2519.16,Credit Card,Delivered,Vikram Gupta
ORD00150,2024-06-21,CUST0206,Ravi Iyer,Female,36.0,West,Maharashtra,Pune,Groceries,Rice,2,959.15,15,0.0,Cash,Cancelled,Kavya Das
ORD00151,2024-07-21,CUST0227,Ravi Gupta,Male,21.0,North,Delhi,New Delhi,Electronics,Laptop,1,50709.16,10,45638.24,Cash,Delivered,Priya Gupta
ORD00152,2025-05-08,CUST0050,Karthik Singh,Male,61.0,South,Andhra Pradesh,Vijayawada,Groceries,Snacks,5,173.82,10,782.19,UPI,Delivered,Ravi Gupta
ORD00153,2024-06-22,CUST0047,Naveen Gupta,Male,46.0,North,Delhi,New Delhi,Electronics,Laptop,1,56711.16,0,56711.16,UPI,Returned,Rohan Nair
ORD00154,2024-07-12,CUST0162,Ravi Kumar,Male,55.0,West,Maharashtra,Mumbai,Clothing,Sneakers,1,3140.87,10,2826.78,UPI,Delivered,Swathi Kumar
ORD00155,2025-02-27,CUST0142,Rahul Singh,Male,30.0,South,Andhra Pradesh,Vijayawada,Electronics,Headphones,2,2688.61,5,5108.36,Credit Card,Delivered,Vikram Kumar
ORD00156,2024-12-28,CUST0233,Ravi Das,Male,58.0,South,Tamil Nadu,Madurai,Home Appliances,Mixer Grinder,2,3669.45,10,6605.01,Cash,Delivered,Rohan Iyer
ORD00157,2024-06-16,CUST0108,Rohan Das,Female,62.0,West,Gujarat,Ahmedabad,Clothing,Jacket,1,2777.87,20,2222.3,Debit Card,Delivered,Pooja Kumar
ORD00158,2025-12-27,CUST0177,Naveen Singh,Female,19.0,North,Rajasthan,Jaipur,Groceries,Snacks,1,183.93,0,183.93,Debit Card,Delivered,Arun Singh
ORD00159,2024-04-14,CUST0202,Priya Patel,Female,27.0,South,Tamil Nadu,Madurai,Clothing,Sneakers,6,3150.97,5,17960.53,Credit Card,Delivered,Rohan Nair
ORD00160,2024-09-14,CUST0081,Ravi Patel,Male,62.0,South,Karnataka,Bengaluru,Electronics,Headphones,4,2512.0,15,8540.8,Credit Card,Returned,Karthik Reddy
ORD00161,2025-03-04,CUST0073,Divya Rao,Female,61.0,North,Rajasthan,Jaipur,Furniture,Office Chair,1,7364.87,20,5891.9,Debit Card,Delivered,Rahul Patel
ORD00162,2025-11-09,CUST0290,Karthik Iyer,Male,18.0,East,Bihar,Patna,Home Appliances,Air Fryer,3,6366.02,10,17188.25,UPI,Delivered,Isha Patel
ORD00163,2025-07-29,CUST0176,Isha Das,Female,18.0,South,Karnataka,Bengaluru,Furniture,Bookshelf,2,5123.11,10,9221.6,UPI,Delivered,Vikram Sharma
ORD00164,2025-03-23,CUST0234,Rohan Sharma,Male,32.0,West,Goa,Panaji,Groceries,Tea,8,245.37,0,1962.96,Credit Card,Delivered,Meena Reddy
ORD00165,2024-03-17,CUST0059,Naveen Singh,Male,49.0,North,Delhi,New Delhi,Groceries,Snacks,2,178.39,25,267.58,UPI,Delivered,Ananya Reddy
ORD00166,2025-02-19,CUST0109,Rohan Rao,Male,63.0,South,Tamil Nadu,Chennai,Clothing,Dress,4,2317.44,10,8342.78,Debit Card,Delivered,Neha Iyer
ORD00167,2024-09-29,CUST0099,Swathi Das,Male,41.0,West,Maharashtra,Mumbai,Clothing,Dress,2,2244.43,10,4039.97,Debit Card,Delivered,Karthik Iyer
ORD00168,2024-09-23,CUST0173,Naveen Nair,Male,28.0,West,Goa,Panaji,Groceries,Snacks,3,172.16,25,387.36,Credit Card,Returned,Karthik Kumar
ORD00169,2025-08-04,CUST0183,Ananya Nair,Female,41.0,North,Delhi,New Delhi,Groceries,Coffee,8,482.34,10,3472.85,Credit Card,Delivered,Amit Gupta
ORD00170,2024-12-30,CUST0163,Pooja Gupta,Male,62.0,South,Tamil Nadu,Chennai,Groceries,Tea,2,263.1,15,447.27,Credit Card,Delivered,Vikram Kumar
ORD00171,2025-12-20,CUST0114,Amit Patel,Female,59.0,East,Bihar,Patna,Furniture,Bookshelf,2,5509.18,10,9916.52,Debit Card,Returned,Pooja Sharma
ORD00172,2025-05-02,CUST0030,Vijay Patel,Female,42.0,South,Tamil Nadu,Madurai,Electronics,Laptop,4,59316.81,5,225403.88,Debit Card,Returned,Naveen Reddy
ORD00173,2024-09-21,CUST0290,Kavya Singh,Male,55.0,South,Kerala,Kochi,Home Appliances,Mixer Grinder,4,3693.72,10,13297.39,UPI,Delivered,Sneha Patel
ORD00174,2025-10-18,CUST0162,Meena Nair,Male,19.0,North,Delhi,New Delhi,Groceries,Cooking Oil,1,149.78,20,119.82,Debit Card,Delivered,Naveen Sharma
ORD00175,2025-10-31,CUST0269,Rohan Reddy,Male,42.0,South,Andhra Pradesh,Vijayawada,Electronics,Headphones,1,2533.3,20,2026.64,UPI,Delivered,Vikram Iyer
ORD00176,2025-02-15,CUST0053,Naveen Nair,Female,21.0,West,Maharashtra,Pune,Furniture,Sofa,3,26081.56,15,66507.98,UPI,Delivered,Sneha Sharma
ORD00177,2025-03-16,CUST0241,Swathi Nair,Female,40.0,West,Gujarat,Ahmedabad,Furniture,Study Table,5,9319.28,5,44266.58,Credit Card,Delivered,Sneha Gupta
ORD00178,2025-11-04,CUST0100,Swathi Patel,Male,23.0,South,Karnataka,Bengaluru,Home Appliances,Water Purifier,8,14731.84,0,117854.72,Credit Card,Delivered,Neha Patel
ORD00179,2024-01-23,CUST0213,Amit Reddy,Female,61.0,South,Tamil Nadu,Coimbatore,Electronics,Tablet,2,18382.21,15,31249.76,UPI,Delivered,Ananya Gupta
ORD00180,2025-06-23,CUST0041,Rahul Sharma,Female,52.0,South,Kerala,Kochi,Clothing,Jacket,3,2597.59,5,7403.13,Credit Card,Returned,Vijay Gupta
ORD00181,2024-04-09,CUST0109,Suresh Sharma,Male,25.0,South,Kerala,Kochi,Home Appliances,Microwave,1,9226.59,10,0.0,Debit Card,Cancelled,Swathi Patel
ORD00182,2024-08-14,CUST0013,Vikram Nair,Female,61.0,South,Karnataka,Bengaluru,Electronics,Smartwatch,4,5711.25,20,18276.0,UPI,Delivered,Meena Reddy
ORD00183,2024-06-30,CUST0024,Amit Gupta,Female,43.0,East,Odisha,Bhubaneswar,Electronics,Smartwatch,8,5550.16,15,37741.09,Debit Card,Delivered,Isha Iyer
ORD00184,2025-11-04,CUST0134,Vijay Reddy,Male,24.0,North,Rajasthan,Jaipur,Electronics,Smartwatch,10,5640.53,0,56405.3,UPI,Delivered,Neha Reddy
ORD00185,2025-03-31,CUST0045,Ananya Das,Male,58.0,North,Rajasthan,Jaipur,Groceries,Tea,1,265.94,15,226.05,Net Banking,Delivered,Priya Iyer
ORD00186,2025-06-23,CUST0278,Ravi Kumar,Male,61.0,North,Punjab,Amritsar,Groceries,Rice,1,904.43,15,768.77,Debit Card,Delivered,Meena Patel
ORD00187,2025-07-17,CUST0102,Naveen Gupta,Female,43.0,South,Kerala,Kochi,Clothing,Sneakers,2,3289.15,5,6249.38,UPI,Delivered,Karthik Singh
ORD00188,2024-10-03,CUST0046,Karthik Nair,Male,39.0,North,Rajasthan,Jaipur,Electronics,Laptop,8,55261.01,5,419983.68,Debit Card,Delivered,Kavya Rao
ORD00189,2024-11-26,CUST0050,Amit Nair,Male,21.0,South,Andhra Pradesh,Vijayawada,Clothing,Dress,2,2339.98,15,3977.97,Net Banking,Delivered,Pooja Das
ORD00190,2024-06-02,CUST0260,Neha Patel,Female,51.0,North,Uttar Pradesh,Lucknow,Clothing,Sneakers,2,3167.74,10,5701.93,Debit Card,Delivered,Amit Reddy
ORD00191,2025-03-02,CUST0039,Vikram Singh,Female,39.0,East,Odisha,Bhubaneswar,Home Appliances,Water Purifier,5,14611.72,5,69405.67,Cash,Delivered,Neha Gupta
ORD00192,2024-11-17,CUST0055,Sneha Nair,Male,46.0,North,Punjab,Amritsar,Furniture,Sofa,1,28601.95,5,27171.85,Credit Card,Delivered,Suresh Rao
ORD00193,2025-02-07,CUST0117,,Female,44.0,East,Odisha,Bhubaneswar,Furniture,Bookshelf,8,5495.31,10,39566.23,UPI,Delivered,Vikram Sharma
ORD00194,2025-02-07,CUST0116,Meena Gupta,Male,18.0,East,West Bengal,Kolkata,Clothing,Jacket,2,2955.58,20,0.0,UPI,Cancelled,Priya Das
ORD00195,2024-04-18,CUST0188,Vijay Iyer,Female,57.0,South,Kerala,Kochi,Furniture,Bookshelf,3,5436.2,5,0.0,Credit Card,Cancelled,Kavya Singh
ORD00196,2025-07-11,CUST0271,Rahul Reddy,Male,64.0,North,Punjab,Amritsar,Clothing,Sneakers,1,3074.72,5,2920.98,Cash,Delivered,Sneha Singh
ORD00197,2024-10-05,CUST0069,Ravi Gupta,Female,23.0,North,Punjab,Amritsar,Furniture,Sofa,1,29683.96,10,26715.56,UPI,Delivered,Meena Das
ORD00198,2024-02-07,CUST0239,Ravi Reddy,Female,47.0,South,Andhra Pradesh,Vijayawada,Electronics,Smartwatch,1,5521.41,15,4693.2,UPI,Returned,Pooja Patel
ORD00199,2024-09-28,CUST0059,Meena Rao,Male,51.0,South,Andhra Pradesh,Vijayawada,Furniture,Sofa,10,29139.03,5,276820.78,Debit Card,Delivered,Ravi Kumar
ORD00200,2024-04-11,CUST0241,Arun Gupta,Male,34.0,East,Odisha,Bhubaneswar,Clothing,T-Shirt,3,677.21,15,1726.89,Net Banking,Delivered,Priya Das
ORD00201,2025-04-21,CUST0073,Suresh Nair,Male,20.0,South,Tamil Nadu,Madurai,Home Appliances,Microwave,4,9520.83,5,0.0,UPI,Cancelled,Vikram Iyer
ORD00202,2025-02-22,CUST0078,Arun Sharma,Male,21.0,West,Maharashtra,Mumbai,Furniture,Sofa,4,29050.31,5,110391.18,Credit Card,Delivered,Rohan Nair
ORD00203,2025-04-27,CUST0147,Neha Rao,Female,48.0,West,Maharashtra,Mumbai,Clothing,Dress,3,2276.9,20,5464.56,UPI,Delivered,Priya Das
ORD00204,2024-05-03,CUST0113,Neha Reddy,Male,44.0,North,Delhi,New Delhi,Home Appliances,Air Fryer,5,7001.18,10,31505.31,Credit Card,Delivered,Divya Kumar
ORD00205,2025-03-25,CUST0047,Vijay Singh,Female,37.0,West,Goa,Panaji,Furniture,Bookshelf,2,5133.85,5,9754.32,Debit Card,Delivered,Naveen Iyer
ORD00206,2025-07-22,CUST0218,Meena Kumar,Male,22.0,South,Tamil Nadu,Madurai,Home Appliances,Water Purifier,1,13502.39,5,12827.27,Net Banking,Delivered,Ravi Reddy
ORD00207,2024-07-26,CUST0002,Meena Nair,Female,60.0,South,Karnataka,Bengaluru,Furniture,Bookshelf,3,5125.16,10,13837.93,,Delivered,Naveen Nair
ORD00208,2024-05-13,CUST0207,Meena Gupta,Female,65.0,South,Tamil Nadu,Chennai,Electronics,Smartwatch,2,5608.41,10,10095.14,Credit Card,Delivered,Ananya Sharma
ORD00209,2024-09-04,CUST0278,Ananya Sharma,Male,62.0,East,West Bengal,Kolkata,Electronics,Laptop,1,58913.68,15,0.0,Credit Card,Cancelled,Vikram Singh
ORD00210,2024-09-18,CUST0176,Divya Kumar,Male,44.0,East,West Bengal,Kolkata,Furniture,Office Chair,1,7770.87,10,6993.78,Credit Card,Delivered,Rahul Singh
ORD00211,2024-02-12,CUST0041,Meena Sharma,Female,57.0,North,Rajasthan,Jaipur,Home Appliances,Vacuum Cleaner,2,8803.89,0,17607.78,Debit Card,Delivered,Naveen Singh
ORD00212,2024-11-09,CUST0161,Amit Sharma,Male,27.0,South,Tamil Nadu,Chennai,Electronics,Tablet,1,19184.16,5,18224.95,Net Banking,Delivered,Rohan Singh
ORD00213,2025-11-21,CUST0209,Ravi Nair,Female,56.0,East,West Bengal,Kolkata,Home Appliances,Air Fryer,3,6752.6,15,17219.13,UPI,Delivered,Arun Nair
ORD00214,2025-11-10,CUST0114,Amit Reddy,Female,35.0,East,Odisha,Bhubaneswar,Home Appliances,Water Purifier,2,14837.14,10,0.0,Cash,Cancelled,Amit Rao
ORD00215,2024-01-03,CUST0242,Arun Nair,Male,65.0,South,Karnataka,Bengaluru,Clothing,Dress,2,2033.97,5,3864.54,Credit Card,Delivered,Vikram Rao
ORD00216,2024-05-19,CUST0283,Meena Iyer,Male,41.0,East,Odisha,Bhubaneswar,Groceries,Snacks,5,178.45,15,758.41,Debit Card,Delivered,Kavya Iyer
ORD00217,2024-01-06,CUST0109,,Male,22.0,East,Odisha,Bhubaneswar,Furniture,Study Table,2,8613.77,5,16366.16,Debit Card,Returned,Vikram Iyer
ORD00218,2025-05-09,CUST0112,Suresh Kumar,Female,38.0,West,Maharashtra,Pune,Furniture,Office Chair,1,7708.37,0,7708.37,Debit Card,Delivered,Divya Sharma
ORD00219,2024-04-24,CUST0162,Ravi Rao,Female,31.0,South,Andhra Pradesh,Vijayawada,Electronics,Laptop,2,57045.24,20,91272.38,UPI,Delivered,Naveen Nair
ORD00220,2025-04-25,CUST0019,Rahul Rao,Male,59.0,South,Andhra Pradesh,Vijayawada,Electronics,Smartwatch,3,6466.8,10,17460.36,UPI,Delivered,Swathi Sharma
ORD00221,2024-10-21,CUST0128,Vikram Iyer,Male,43.0,West,Maharashtra,Pune,Clothing,Dress,3,2064.62,10,5574.47,Net Banking,Delivered,Vijay Rao
ORD00222,2025-02-19,CUST0282,,Female,26.0,West,Maharashtra,Mumbai,Home Appliances,Mixer Grinder,5,3597.02,10,0.0,Credit Card,Cancelled,Arun Gupta
ORD00223,2025-03-04,CUST0271,,Male,57.0,East,West Bengal,Kolkata,Clothing,Jacket,2,2814.15,10,0.0,UPI,Cancelled,Pooja Sharma
ORD00224,2024-03-22,CUST0045,Naveen Singh,Female,59.0,South,Andhra Pradesh,Vijayawada,Clothing,T-Shirt,4,738.97,10,2660.29,UPI,Returned,Rohan Patel
ORD00225,2025-02-17,CUST0235,Priya Kumar,Male,48.0,South,Tamil Nadu,Madurai,Home Appliances,Vacuum Cleaner,2,8802.92,15,14964.96,Cash,Delivered,Naveen Gupta
ORD00226,2024-12-20,CUST0211,Neha Iyer,Female,45.0,West,Maharashtra,Mumbai,Clothing,Dress,3,2147.27,15,5475.54,Credit Card,Delivered,Vikram Iyer
ORD00227,2025-03-20,CUST0269,Amit Nair,Male,57.0,West,Maharashtra,Mumbai,Clothing,Sneakers,5,3221.32,15,13690.61,UPI,Delivered,Sneha Sharma
ORD00228,2025-10-19,CUST0224,Vikram Nair,Female,20.0,West,Goa,Panaji,Home Appliances,Air Fryer,1,6060.05,15,5151.04,Net Banking,Delivered,Arun Reddy
ORD00229,2024-12-05,CUST0204,Arun Das,Male,39.0,North,Delhi,New Delhi,Clothing,Jeans,3,1680.62,15,4285.58,UPI,Delivered,Rahul Reddy
ORD00230,2024-04-13,CUST0077,Divya Sharma,Female,28.0,North,Uttar Pradesh,Lucknow,Clothing,T-Shirt,6,743.47,5,4237.78,Cash,Returned,Divya Singh
ORD00231,2024-09-09,CUST0269,Vikram Patel,Male,38.0,East,West Bengal,Kolkata,Home Appliances,Water Purifier,5,15114.69,5,71794.78,Debit Card,Delivered,Amit Reddy
ORD00232,2025-03-17,CUST0003,Pooja Reddy,Female,27.0,South,Andhra Pradesh,Vijayawada,Electronics,Smartphone,4,27144.12,0,108576.48,Credit Card,Delivered,Ananya Patel
ORD00233,2025-11-25,CUST0028,Karthik Reddy,Female,29.0,West,Maharashtra,Pune,Electronics,Laptop,1,55852.3,20,44681.84,Credit Card,Returned,Vikram Rao
ORD00234,2024-03-15,CUST0277,Neha Reddy,Male,42.0,North,Delhi,New Delhi,Clothing,Jacket,5,2738.37,20,10953.48,Debit Card,Delivered,Meena Nair
ORD00235,2025-03-09,CUST0112,Arun Iyer,Male,32.0,South,Karnataka,Bengaluru,Furniture,Sofa,1,28357.17,10,25521.45,Cash,Returned,Isha Nair
ORD00236,2025-06-21,CUST0075,Sneha Das,Female,37.0,West,Goa,Panaji,Groceries,Snacks,1,182.09,5,172.99,UPI,Returned,Sneha Rao
ORD00237,2024-06-29,CUST0215,Ravi Patel,Male,54.0,South,Karnataka,Bengaluru,Groceries,Tea,1,264.52,20,211.62,Net Banking,Delivered,Naveen Iyer
ORD00238,2024-12-15,CUST0011,Priya Sharma,Male,51.0,West,Gujarat,Ahmedabad,Home Appliances,Vacuum Cleaner,2,8412.14,5,15983.07,Credit Card,Delivered,Swathi Nair
ORD00239,2024-12-25,CUST0110,Sneha Das,Male,56.0,East,Bihar,Patna,Electronics,Headphones,10,2366.41,0,23664.1,Credit Card,Delivered,Ananya Singh
ORD00240,2025-10-03,CUST0031,Amit Reddy,Male,27.0,South,Andhra Pradesh,Vijayawada,Groceries,Cooking Oil,2,169.34,0,338.68,Credit Card,Delivered,Kavya Das
ORD00241,2024-06-29,CUST0184,Priya Gupta,Male,42.0,West,Goa,Panaji,Electronics,Laptop,2,59261.26,5,112596.39,Credit Card,Delivered,Rohan Das
ORD00242,2024-03-22,CUST0208,Ravi Nair,Female,24.0,North,Uttar Pradesh,Lucknow,Furniture,Bed,10,33994.34,5,322946.23,UPI,Delivered,Pooja Sharma
ORD00243,2024-07-06,CUST0270,Ananya Iyer,Female,30.0,South,Karnataka,Bengaluru,Furniture,Bed,6,33627.42,10,181588.07,Debit Card,Delivered,Divya Nair
ORD00244,2025-02-25,CUST0200,Sneha Gupta,Female,49.0,East,West Bengal,Kolkata,Electronics,Smartwatch,2,5910.29,20,9456.46,Debit Card,Delivered,Rahul Kumar
ORD00245,2025-05-01,CUST0013,Suresh Rao,Female,37.0,North,Delhi,New Delhi,Home Appliances,Vacuum Cleaner,3,8119.89,5,0.0,Credit Card,Cancelled,Vikram Nair
ORD00246,2024-11-23,CUST0264,Naveen Iyer,Male,45.0,South,Tamil Nadu,Chennai,Furniture,Office Chair,2,7184.5,20,11495.2,Debit Card,Returned,Pooja Iyer
ORD00247,2025-08-28,CUST0149,Pooja Iyer,Female,36.0,West,Maharashtra,Pune,Clothing,Dress,4,2164.05,15,7357.77,Debit Card,Delivered,Ravi Singh
ORD00248,2024-02-13,CUST0227,Amit Sharma,Male,49.0,West,Gujarat,Ahmedabad,Electronics,Smartwatch,2,6338.86,20,10142.18,UPI,Returned,Arun Gupta
ORD00249,2025-11-13,CUST0273,Arun Rao,Female,38.0,West,Goa,Panaji,Groceries,Coffee,2,471.7,5,896.23,Cash,Delivered,Divya Nair
ORD00250,2024-05-28,CUST0115,Priya Das,Female,45.0,South,Kerala,Kochi,Home Appliances,Air Fryer,3,6786.25,5,19340.81,Credit Card,Delivered,Divya Patel
ORD00251,2024-02-27,CUST0269,Isha Rao,Female,58.0,South,Karnataka,Bengaluru,Home Appliances,Water Purifier,6,14535.51,5,82852.41,UPI,Delivered,Kavya Patel
ORD00252,2025-04-04,CUST0208,Swathi Singh,Male,44.0,South,Tamil Nadu,Madurai,Electronics,Headphones,5,2335.6,25,8758.5,UPI,Delivered,Pooja Das
ORD00253,2024-03-13,CUST0282,Isha Das,Female,20.0,West,Goa,Panaji,Furniture,Bed,2,32007.77,5,60814.76,UPI,Delivered,Rahul Rao
ORD00254,2025-03-09,CUST0140,Ananya Iyer,Male,65.0,East,West Bengal,Kolkata,Electronics,Smartwatch,5,5759.48,15,0.0,UPI,Cancelled,Priya Patel
ORD00255,2024-05-22,CUST0250,Kavya Singh,Female,42.0,South,Tamil Nadu,Chennai,Groceries,Coffee,1,466.91,10,420.22,UPI,Delivered,Karthik Nair
ORD00256,2025-07-05,CUST0242,Meena Gupta,Female,25.0,East,Bihar,Patna,Electronics,Headphones,8,2628.39,10,18924.41,Cash,Delivered,Karthik Rao
ORD00257,2025-03-24,CUST0188,Rohan Iyer,Male,25.0,West,Gujarat,Ahmedabad,Furniture,Bookshelf,10,5248.93,0,52489.3,UPI,Delivered,Ravi Iyer
ORD00258,2025-07-05,CUST0101,Naveen Kumar,Male,59.0,East,West Bengal,Kolkata,Electronics,Smartphone,1,25996.39,15,22096.93,Credit Card,Delivered,Naveen Kumar
ORD00259,2025-08-12,CUST0262,Rahul Das,Female,44.0,South,Tamil Nadu,Madurai,Furniture,Office Chair,2,7150.87,0,14301.74,Debit Card,Delivered,Rahul Nair
ORD00260,2025-07-24,CUST0242,Swathi Singh,Female,31.0,North,Uttar Pradesh,Lucknow,Home Appliances,Mixer Grinder,3,3744.78,5,10672.62,Cash,Delivered,Vijay Iyer
ORD00261,2024-05-01,CUST0044,Sneha Das,Female,34.0,West,Gujarat,Ahmedabad,Groceries,Coffee,4,460.67,5,1750.55,Net Banking,Delivered,Swathi Kumar
ORD00262,2024-07-05,CUST0208,Pooja Singh,Male,45.0,West,Goa,Panaji,Furniture,Study Table,3,8680.46,5,24739.31,Credit Card,Delivered,Priya Patel
ORD00263,2024-05-04,CUST0286,Meena Nair,Female,22.0,South,Tamil Nadu,Madurai,Electronics,Tablet,5,16704.62,10,75170.79,Debit Card,Delivered,Vijay Sharma
ORD00264,2025-09-09,CUST0146,Naveen Das,Female,26.0,North,Delhi,New Delhi,Clothing,Jeans,1,1499.55,15,1274.62,UPI,Delivered,Isha Nair
ORD00265,2025-02-19,CUST0214,Divya Patel,Female,37.0,South,Tamil Nadu,Madurai,Clothing,Jeans,1,1722.46,25,1291.84,Credit Card,Delivered,Amit Rao
ORD00266,2024-05-04,CUST0175,Karthik Singh,Female,47.0,South,Karnataka,Bengaluru,Electronics,Laptop,2,53279.53,0,106559.06,Debit Card,Delivered,Priya Das
ORD00267,2024-11-29,CUST0116,Pooja Sharma,Male,28.0,West,Maharashtra,Mumbai,Home Appliances,Microwave,1,8846.07,0,8846.07,UPI,Delivered,Suresh Iyer
ORD00268,2025-06-13,CUST0187,Pooja Nair,Female,60.0,South,Andhra Pradesh,Vijayawada,Groceries,Coffee,1,480.74,5,456.7,UPI,Delivered,Pooja Rao
ORD00269,2025-12-03,CUST0063,Sneha Kumar,Male,34.0,West,Maharashtra,Mumbai,Clothing,Jeans,1,1609.05,10,1448.14,UPI,Delivered,Sneha Reddy
ORD00270,2024-03-11,CUST0180,Karthik Patel,Male,64.0,South,Karnataka,Bengaluru,Furniture,Bed,3,30911.11,5,88096.66,Credit Card,Delivered,Rohan Rao
ORD00271,2024-08-11,CUST0272,Swathi Reddy,Female,47.0,South,Kerala,Kochi,Home Appliances,Vacuum Cleaner,3,8818.11,5,25131.61,Credit Card,Delivered,Priya Nair
ORD00272,2024-11-30,CUST0148,Ravi Singh,Male,22.0,South,Andhra Pradesh,Vijayawada,Furniture,Sofa,1,26257.89,10,0.0,UPI,Cancelled,Amit Reddy
ORD00273,2025-05-04,CUST0159,Rahul Gupta,Male,48.0,South,Karnataka,Bengaluru,Electronics,Smartphone,1,27751.49,10,24976.34,UPI,Delivered,Priya Singh
ORD00274,2024-03-28,CUST0129,Amit Iyer,Male,24.0,West,Maharashtra,Pune,Furniture,Office Chair,3,7673.83,0,23021.49,UPI,Delivered,Swathi Kumar
ORD00275,2025-02-13,CUST0296,Swathi Patel,Male,59.0,East,West Bengal,Kolkata,Clothing,Dress,4,2113.07,20,6761.82,Net Banking,Delivered,Priya Kumar
ORD00276,2024-12-26,CUST0042,Naveen Reddy,Female,62.0,North,Punjab,Amritsar,Electronics,Smartwatch,2,6257.84,5,11889.9,Debit Card,Delivered,Isha Sharma
ORD00277,2025-06-05,CUST0226,Pooja Singh,Male,19.0,South,Tamil Nadu,Chennai,Groceries,Cooking Oil,3,157.73,0,473.19,Credit Card,Delivered,Ananya Das
ORD00278,2024-10-06,CUST0110,Kavya Reddy,Female,31.0,West,Maharashtra,Pune,Clothing,Jeans,1,1699.94,10,1529.95,Cash,Delivered,Neha Nair
ORD00279,2025-06-13,CUST0294,Rahul Iyer,Male,33.0,South,Karnataka,Bengaluru,Groceries,Snacks,6,188.42,15,960.94,UPI,Delivered,Ananya Reddy
ORD00280,2025-06-10,CUST0044,Vikram Gupta,Male,61.0,North,Uttar Pradesh,Lucknow,Furniture,Sofa,2,28739.45,10,51731.01,Debit Card,Delivered,Suresh Singh
ORD00281,2024-07-08,CUST0288,Sneha Singh,Female,26.0,North,Punjab,Amritsar,Home Appliances,Air Fryer,1,6720.62,5,6384.59,Credit Card,Delivered,Priya Reddy
ORD00282,2024-12-09,CUST0054,Pooja Patel,Female,,West,Maharashtra,Mumbai,Furniture,Office Chair,2,7015.97,0,14031.94,Cash,Returned,Naveen Kumar
ORD00283,2024-12-29,CUST0204,Isha Singh,Female,21.0,West,Maharashtra,Mumbai,Groceries,Snacks,4,176.1,15,598.74,Credit Card,Delivered,Rohan Nair
ORD00284,2024-02-12,CUST0211,Sneha Singh,Female,43.0,South,Tamil Nadu,Madurai,Electronics,Smartwatch,4,5815.23,10,20934.83,UPI,Delivered,Amit Gupta
ORD00285,2025-02-14,CUST0011,Divya Sharma,Male,23.0,South,Tamil Nadu,Madurai,Home Appliances,Air Fryer,3,6546.12,5,18656.44,UPI,Delivered,Divya Kumar
ORD00286,2024-11-19,CUST0154,Divya Patel,Female,63.0,West,Maharashtra,Mumbai,Groceries,Tea,1,265.75,0,265.75,Debit Card,Returned,Pooja Gupta
ORD00287,2025-09-25,CUST0011,Ravi Iyer,Female,45.0,East,West Bengal,Kolkata,Home Appliances,Mixer Grinder,8,3571.75,20,22859.2,Credit Card,Delivered,Rohan Kumar
ORD00288,2024-03-19,CUST0110,Rohan Nair,Male,64.0,West,Maharashtra,Pune,Electronics,Smartwatch,10,5953.67,5,56559.86,Debit Card,Delivered,Isha Rao
ORD00289,2025-01-15,CUST0230,Isha Kumar,Male,51.0,South,Tamil Nadu,Chennai,Groceries,Rice,8,849.81,10,6118.63,UPI,Delivered,Ananya Nair
ORD00290,2025-09-26,CUST0299,Kavya Gupta,Male,46.0,South,Tamil Nadu,Chennai,Electronics,Smartphone,5,28344.88,5,0.0,UPI,Cancelled,Naveen Singh
ORD00291,2024-03-06,CUST0108,Neha Singh,Female,24.0,West,Gujarat,Ahmedabad,Groceries,Cooking Oil,2,160.06,5,304.11,Debit Card,Delivered,Suresh Nair
ORD00292,2024-02-02,CUST0229,Neha Nair,Female,56.0,North,Punjab,Amritsar,Home Appliances,Air Fryer,3,6583.87,20,15801.29,Net Banking,Delivered,Neha Iyer
ORD00293,2025-11-13,CUST0210,Neha Nair,Male,50.0,South,Tamil Nadu,Madurai,Electronics,Smartphone,3,27466.66,0,82399.98,Cash,Delivered,Amit Singh
ORD00294,2025-05-17,CUST0185,Pooja Iyer,Female,45.0,South,Karnataka,Bengaluru,Furniture,Bed,1,30557.05,20,24445.64,UPI,Delivered,Vikram Gupta
ORD00295,2024-05-02,CUST0266,Naveen Patel,Male,64.0,South,Andhra Pradesh,Vijayawada,Electronics,Tablet,4,18067.4,5,68656.12,Cash,Delivered,Rohan Patel
ORD00296,2024-07-13,CUST0009,Kavya Reddy,Male,32.0,West,Gujarat,Ahmedabad,Electronics,Smartwatch,1,5544.78,10,4990.3,Debit Card,Delivered,Priya Gupta
ORD00297,2024-11-01,CUST0012,Vikram Rao,Female,31.0,East,West Bengal,Kolkata,Clothing,T-Shirt,2,709.99,10,1277.98,UPI,Delivered,Amit Nair
ORD00298,2024-04-01,CUST0179,Naveen Gupta,Male,37.0,North,Rajasthan,Jaipur,Electronics,Tablet,1,17383.39,15,14775.88,Credit Card,Delivered,Ananya Gupta
ORD00299,2024-03-06,CUST0175,Neha Sharma,Female,28.0,South,Tamil Nadu,Madurai,Groceries,Snacks,1,168.39,0,168.39,Cash,Delivered,Vijay Reddy
ORD00300,2025-03-15,CUST0275,Swathi Iyer,Male,50.0,North,Uttar Pradesh,Lucknow,Home Appliances,Vacuum Cleaner,2,8677.78,15,14752.23,Cash,Delivered,Isha Kumar
ORD00301,2025-10-23,CUST0016,Pooja Patel,Male,63.0,East,Bihar,Patna,Electronics,Headphones,2,2570.3,10,4626.54,UPI,Delivered,Sneha Reddy
ORD00302,2025-05-05,CUST0146,Naveen Kumar,Female,56.0,East,West Bengal,Kolkata,Furniture,Bookshelf,3,5485.75,10,14811.52,Credit Card,Delivered,Suresh Sharma
ORD00303,2025-06-16,CUST0090,Sneha Kumar,Male,54.0,South,Tamil Nadu,Madurai,Furniture,Study Table,1,9287.05,5,8822.7,Net Banking,Delivered,Vikram Gupta
ORD00304,2024-06-16,CUST0259,Rahul Kumar,Male,35.0,South,Tamil Nadu,Coimbatore,Electronics,Headphones,2,2593.84,0,5187.68,Debit Card,Delivered,Isha Das
ORD00305,2024-08-08,CUST0211,Pooja Nair,Female,18.0,West,Maharashtra,Pune,Clothing,T-Shirt,1,740.51,10,0.0,UPI,Cancelled,Arun Sharma
ORD00306,2025-05-05,CUST0039,Meena Rao,Male,35.0,South,Tamil Nadu,Coimbatore,Furniture,Bed,3,32459.03,0,0.0,UPI,Cancelled,Isha Gupta
ORD00307,2024-03-09,CUST0247,Karthik Singh,Female,64.0,West,Goa,Panaji,Clothing,T-Shirt,2,676.88,5,1286.07,Debit Card,Delivered,Suresh Singh
ORD00308,2024-04-26,CUST0267,Rahul Reddy,Male,30.0,East,Odisha,Bhubaneswar,Electronics,Laptop,5,51033.14,5,0.0,UPI,Cancelled,Suresh Reddy
ORD00309,2024-05-30,CUST0157,Kavya Rao,Female,48.0,South,Tamil Nadu,Chennai,Home Appliances,Microwave,4,9621.65,10,0.0,Debit Card,Cancelled,Swathi Singh
ORD00310,2025-11-28,CUST0099,Swathi Nair,Male,22.0,West,Maharashtra,Mumbai,Electronics,Laptop,4,55660.53,5,211510.01,UPI,Delivered,Rohan Das
ORD00311,2025-04-11,CUST0144,Naveen Nair,Male,25.0,North,Rajasthan,Jaipur,Home Appliances,Air Fryer,5,6170.13,25,23137.99,UPI,Delivered,Pooja Singh
ORD00312,2024-08-02,CUST0134,Vikram Das,Male,51.0,West,Maharashtra,Mumbai,Furniture,Bed,5,33459.63,5,158933.24,UPI,Returned,Amit Nair
ORD00313,2024-04-21,CUST0224,Vijay Gupta,Female,46.0,South,Tamil Nadu,Madurai,Groceries,Snacks,4,172.39,20,0.0,Debit Card,Cancelled,Ananya Patel
ORD00314,2024-05-02,CUST0298,Arun Sharma,Male,54.0,East,Odisha,Bhubaneswar,Furniture,Bookshelf,8,5251.59,0,42012.72,Credit Card,Delivered,Vikram Patel
ORD00315,2024-11-12,CUST0095,Vikram Das,Male,35.0,North,Punjab,Amritsar,Home Appliances,Vacuum Cleaner,8,8367.02,10,60242.54,Credit Card,Delivered,Kavya Sharma
ORD00316,2024-12-26,CUST0189,Isha Kumar,Male,51.0,South,Andhra Pradesh,Vijayawada,Furniture,Study Table,3,8669.61,5,24708.39,Credit Card,Returned,Neha Gupta
ORD00317,2024-12-12,CUST0209,Karthik Gupta,Female,46.0,South,Tamil Nadu,Coimbatore,Furniture,Bed,1,30064.07,10,27057.66,Credit Card,Delivered,Rahul Reddy
ORD00318,2025-04-26,CUST0081,Vijay Gupta,Male,37.0,North,Uttar Pradesh,Lucknow,Clothing,Jacket,2,2690.98,15,4574.67,UPI,Delivered,Rohan Gupta
ORD00319,2025-11-04,CUST0157,Divya Kumar,Female,18.0,West,Maharashtra,Mumbai,Furniture,Office Chair,1,7564.59,10,6808.13,UPI,Delivered,Arun Das
ORD00320,2025-11-30,CUST0070,Pooja Sharma,Male,59.0,South,Kerala,Kochi,Furniture,Bookshelf,4,5685.68,5,21605.58,UPI,Delivered,Vikram Das
ORD00321,2025-05-13,CUST0286,Priya Rao,Male,24.0,North,Delhi,New Delhi,Home Appliances,Air Fryer,3,6509.25,20,0.0,Credit Card,Cancelled,Meena Iyer
ORD00322,2025-06-04,CUST0251,Naveen Rao,Male,23.0,North,Uttar Pradesh,Lucknow,Home Appliances,Vacuum Cleaner,10,8986.24,0,89862.4,UPI,Delivered,Divya Das
ORD00323,2025-06-17,CUST0212,Rohan Gupta,Female,18.0,South,Tamil Nadu,Chennai,Electronics,Headphones,2,2324.57,5,4416.68,Net Banking,Delivered,Pooja Sharma
ORD00324,2025-07-22,CUST0291,Swathi Kumar,Female,46.0,South,Tamil Nadu,Chennai,Furniture,Office Chair,5,7998.97,15,33995.62,UPI,Delivered,Arun Patel
ORD00325,2025-09-03,CUST0074,Amit Kumar,Female,40.0,West,Maharashtra,Mumbai,Groceries,Coffee,2,448.77,5,852.66,Net Banking,Delivered,Vijay Sharma
ORD00326,2024-05-29,CUST0288,Ravi Singh,Female,64.0,South,Karnataka,Bengaluru,Home Appliances,Air Fryer,4,6182.04,10,0.0,Credit Card,Cancelled,Divya Patel
ORD00327,2025-07-01,CUST0109,Karthik Sharma,Female,50.0,South,Kerala,Kochi,Electronics,Smartphone,1,26928.92,25,20196.69,Credit Card,Delivered,Divya Iyer
ORD00328,2025-05-29,CUST0032,Swathi Iyer,Female,31.0,West,Maharashtra,Mumbai,Furniture,Bookshelf,1,5188.5,20,4150.8,Debit Card,Returned,Divya Iyer
ORD00329,2025-11-12,CUST0204,Pooja Gupta,Female,44.0,West,Maharashtra,Pune,Clothing,Sneakers,3,3067.82,10,8283.11,Debit Card,Returned,Kavya Sharma
ORD00330,2025-12-15,CUST0074,Karthik Reddy,Male,62.0,West,Gujarat,Ahmedabad,Electronics,Tablet,2,18529.55,0,37059.1,Credit Card,Delivered,Kavya Das
ORD00331,2024-09-29,CUST0117,Swathi Das,Female,38.0,West,Goa,Panaji,Groceries,Cooking Oil,2,153.49,15,260.93,Credit Card,Delivered,Meena Kumar
ORD00332,2025-02-07,CUST0047,Amit Gupta,Male,44.0,South,Karnataka,Bengaluru,Groceries,Cooking Oil,1,169.99,0,169.99,Credit Card,Delivered,Karthik Iyer
ORD00333,2025-03-25,CUST0298,Rohan Kumar,Male,29.0,North,Punjab,Amritsar,Clothing,Jeans,2,1718.16,10,3092.69,Cash,Delivered,Rahul Kumar
ORD00334,2024-07-07,CUST0129,Vikram Gupta,Male,33.0,North,Rajasthan,Jaipur,Groceries,Coffee,8,458.87,15,0.0,Credit Card,Cancelled,Sneha Iyer
ORD00335,2024-04-30,CUST0212,Rahul Singh,Female,,South,Karnataka,Bengaluru,Electronics,Laptop,1,51593.02,10,46433.72,Net Banking,Delivered,Kavya Kumar
ORD00336,2025-04-01,CUST0087,Naveen Iyer,Male,65.0,East,West Bengal,Kolkata,Home Appliances,Microwave,3,9015.8,10,24342.66,Credit Card,Delivered,Isha Singh
ORD00337,2024-08-25,CUST0134,Suresh Singh,Male,29.0,North,Rajasthan,Jaipur,Clothing,Jeans,5,1579.08,5,7500.63,Cash,Returned,Rohan Das
ORD00338,2025-06-06,CUST0143,Rahul Rao,Female,54.0,West,Goa,Panaji,Clothing,Sneakers,5,2989.12,15,0.0,UPI,Cancelled,Rahul Nair
ORD00339,2025-06-09,CUST0014,Meena Nair,Female,63.0,South,Kerala,Kochi,Home Appliances,Mixer Grinder,3,3700.44,15,9436.12,Credit Card,Delivered,Meena Rao
ORD00340,2024-03-25,CUST0214,Ananya Sharma,Female,19.0,South,Tamil Nadu,Madurai,Furniture,Bookshelf,2,5110.43,0,10220.86,UPI,Delivered,Meena Sharma
ORD00341,2024-11-04,CUST0228,Meena Reddy,Female,25.0,South,Kerala,Kochi,Clothing,T-Shirt,3,698.86,10,1886.92,Debit Card,Delivered,Meena Nair
ORD00342,2025-02-13,CUST0294,Neha Nair,Male,23.0,North,Uttar Pradesh,Lucknow,Clothing,Jeans,1,1700.71,5,1615.67,Credit Card,Delivered,Swathi Nair
ORD00343,2025-03-18,CUST0018,Isha Rao,Male,63.0,West,Maharashtra,Pune,Clothing,Dress,3,2240.19,5,6384.54,Cash,Delivered,Meena Rao
ORD00344,2024-08-19,CUST0289,Priya Sharma,Male,54.0,West,Gujarat,Ahmedabad,Home Appliances,Mixer Grinder,1,3687.13,0,3687.13,UPI,Delivered,Rahul Patel
ORD00345,2024-07-12,CUST0186,Ananya Kumar,Female,57.0,West,Maharashtra,Pune,Clothing,Dress,6,2105.44,10,11369.38,Credit Card,Returned,Meena Patel
ORD00346,2025-06-13,CUST0057,Pooja Reddy,Male,30.0,North,Uttar Pradesh,Lucknow,Clothing,Jacket,2,2718.48,20,4349.57,UPI,Delivered,Rahul Rao
ORD00347,2024-09-14,CUST0127,Karthik Iyer,Female,41.0,West,Maharashtra,Pune,Clothing,Sneakers,6,3324.64,10,0.0,UPI,Cancelled,Sneha Gupta
ORD00348,2024-12-27,CUST0248,Vijay Das,Male,52.0,West,Maharashtra,Mumbai,Clothing,Jacket,6,2855.33,0,17131.98,UPI,Delivered,Pooja Singh
ORD00349,2024-08-24,CUST0219,Vijay Das,Male,33.0,North,Delhi,New Delhi,Electronics,Smartwatch,3,5558.72,5,15842.35,UPI,Delivered,Ananya Das
ORD00350,2025-06-07,CUST0244,Rahul Reddy,Female,51.0,West,Maharashtra,Mumbai,Furniture,Sofa,2,29418.62,20,47069.79,Debit Card,Delivered,Meena Rao
ORD00351,2025-08-08,CUST0171,Naveen Nair,Male,46.0,South,Tamil Nadu,Coimbatore,Furniture,Bed,2,33028.14,15,56147.84,Credit Card,Returned,Rohan Rao
ORD00352,2025-07-26,CUST0146,Amit Patel,Female,51.0,South,Karnataka,Bengaluru,Groceries,Coffee,10,441.16,15,3749.86,Debit Card,Delivered,Ananya Gupta
ORD00353,2025-12-30,CUST0273,Pooja Das,Female,59.0,South,Tamil Nadu,Coimbatore,Home Appliances,Microwave,6,8611.76,5,49087.03,Debit Card,Delivered,Vikram Nair
ORD00354,2025-01-16,CUST0239,Naveen Das,Male,60.0,North,Punjab,Amritsar,Home Appliances,Mixer Grinder,3,3363.59,20,8072.62,Credit Card,Delivered,Vikram Rao
ORD00355,2024-08-01,CUST0114,Swathi Iyer,Male,29.0,West,Gujarat,Ahmedabad,Home Appliances,Air Fryer,2,6474.11,5,12300.81,Credit Card,Returned,Ananya Rao
ORD00356,2025-02-06,CUST0045,Swathi Singh,Male,36.0,North,Delhi,New Delhi,Electronics,Smartwatch,2,5905.63,10,0.0,Credit Card,Cancelled,Vijay Gupta
ORD00357,2025-03-28,CUST0010,Divya Patel,Female,18.0,South,Karnataka,Bengaluru,Furniture,Study Table,2,9702.9,10,17465.22,Debit Card,Delivered,Vijay Reddy
ORD00358,2024-06-19,CUST0063,Rohan Singh,Female,30.0,North,Delhi,New Delhi,Electronics,Tablet,1,17103.73,10,15393.36,Debit Card,Returned,Arun Kumar
ORD00359,2024-08-25,CUST0182,Karthik Das,Male,64.0,East,Odisha,Bhubaneswar,Clothing,T-Shirt,6,681.61,10,3680.69,UPI,Returned,Rohan Kumar
ORD00360,2024-02-24,CUST0172,Suresh Sharma,Male,65.0,East,Bihar,Patna,Home Appliances,Air Fryer,1,6140.7,10,5526.63,Net Banking,Delivered,Rohan Reddy
ORD00361,2024-02-11,CUST0276,Ravi Kumar,Male,19.0,West,Gujarat,Ahmedabad,Home Appliances,Water Purifier,5,15004.35,0,75021.75,Credit Card,Delivered,Ananya Patel
ORD00362,2025-12-09,CUST0158,Neha Singh,Female,26.0,North,Rajasthan,Jaipur,Groceries,Tea,1,265.3,0,265.3,UPI,Delivered,Kavya Reddy
ORD00363,2024-11-30,CUST0288,Ravi Das,Male,52.0,West,Maharashtra,Mumbai,Clothing,Jeans,2,1669.67,0,3339.34,Credit Card,Delivered,Rohan Singh
ORD00364,2024-05-25,CUST0027,Swathi Iyer,Female,35.0,South,Tamil Nadu,Chennai,Home Appliances,Microwave,2,8293.09,10,14927.56,Cash,Delivered,Priya Iyer
ORD00365,2025-01-23,CUST0220,Ananya Iyer,Female,42.0,West,Goa,Panaji,Furniture,Office Chair,5,7192.79,25,26972.96,Net Banking,Returned,Priya Nair
ORD00366,2025-09-09,CUST0133,Neha Sharma,Male,29.0,South,Karnataka,Bengaluru,Electronics,Smartwatch,5,5653.41,15,24026.99,Credit Card,Delivered,Priya Rao
ORD00367,2024-04-28,CUST0162,Divya Sharma,Female,51.0,West,Goa,Panaji,Groceries,Coffee,2,414.19,20,662.7,Cash,Delivered,Kavya Nair
ORD00368,2025-11-18,CUST0145,Vijay Das,Female,27.0,North,Uttar Pradesh,Lucknow,Furniture,Bookshelf,1,5898.91,0,5898.91,UPI,Delivered,Vikram Singh
ORD00369,2025-04-27,CUST0259,Ananya Gupta,Male,65.0,South,Kerala,Kochi,Home Appliances,Mixer Grinder,1,3425.34,5,3254.07,UPI,Returned,Neha Gupta
ORD00370,2025-08-11,CUST0180,Priya Singh,Male,43.0,North,Punjab,Amritsar,Home Appliances,Water Purifier,2,14419.4,5,27396.86,Credit Card,Delivered,Amit Iyer
ORD00371,2024-09-24,CUST0013,Meena Kumar,Male,33.0,East,Odisha,Bhubaneswar,Groceries,Snacks,4,194.04,5,737.35,Credit Card,Delivered,Rahul Patel
ORD00372,2025-08-09,CUST0237,Vijay Sharma,Female,49.0,South,Tamil Nadu,Coimbatore,Clothing,Dress,3,2246.37,10,6065.2,Debit Card,Delivered,Priya Sharma
ORD00373,2024-06-14,CUST0130,Isha Gupta,Male,46.0,West,Goa,Panaji,Electronics,Laptop,2,52039.27,5,98874.61,Credit Card,Delivered,Vikram Singh
ORD00374,2025-10-11,CUST0079,Meena Sharma,Male,33.0,South,Tamil Nadu,Coimbatore,Clothing,Jeans,3,1492.85,10,4030.69,UPI,Delivered,Rahul Sharma
ORD00375,2024-07-07,CUST0128,Vijay Rao,Female,55.0,East,Odisha,Bhubaneswar,Clothing,Jacket,6,2771.18,0,16627.08,Credit Card,Delivered,Priya Reddy
ORD00376,2024-01-03,CUST0064,Isha Kumar,Female,28.0,North,Uttar Pradesh,Lucknow,Clothing,Jacket,4,2699.24,10,9717.26,Debit Card,Delivered,Vijay Nair
ORD00377,2024-10-07,CUST0043,Divya Singh,Male,19.0,East,Bihar,Patna,Electronics,Smartphone,5,28063.74,10,126286.83,Cash,Delivered,Neha Rao
ORD00378,2025-05-09,CUST0177,Rahul Rao,Female,43.0,South,Tamil Nadu,Coimbatore,Clothing,Dress,8,2120.86,5,16118.54,Debit Card,Returned,Suresh Rao
ORD00379,2024-02-16,CUST0013,Pooja Iyer,Male,19.0,North,Punjab,Amritsar,Electronics,Tablet,1,18447.87,0,18447.87,Debit Card,Delivered,Divya Rao
ORD00380,2025-06-16,CUST0200,Rohan Nair,Female,37.0,South,Tamil Nadu,Madurai,Electronics,Laptop,5,52739.98,10,237329.91,Credit Card,Delivered,Kavya Sharma
ORD00381,2025-07-02,CUST0232,Pooja Nair,Male,55.0,South,Tamil Nadu,Chennai,Electronics,Smartphone,4,29018.99,20,92860.77,UPI,Delivered,Arun Gupta
ORD00382,2024-08-08,CUST0042,Vijay Rao,Male,44.0,South,Tamil Nadu,Madurai,Electronics,Smartphone,2,26926.61,20,43082.58,Debit Card,Delivered,Priya Gupta
ORD00383,2024-11-09,CUST0053,Priya Rao,Female,40.0,North,Rajasthan,Jaipur,Groceries,Cooking Oil,3,155.99,5,444.57,Cash,Delivered,Karthik Singh
ORD00384,2024-02-15,CUST0216,Neha Rao,Male,41.0,East,West Bengal,Kolkata,Electronics,Headphones,8,2313.37,10,16656.26,UPI,Delivered,Rahul Das
ORD00385,2025-12-05,CUST0218,Rohan Singh,Male,52.0,West,Goa,Panaji,Electronics,Headphones,3,2393.15,0,7179.45,UPI,Delivered,Amit Sharma
ORD00386,2024-06-24,CUST0079,Priya Gupta,Female,49.0,East,West Bengal,Kolkata,Furniture,Bookshelf,2,5287.89,20,8460.62,Net Banking,Delivered,Swathi Reddy
ORD00387,2025-08-17,CUST0065,Karthik Patel,Male,60.0,East,West Bengal,Kolkata,Furniture,Bookshelf,2,5141.86,0,10283.72,Debit Card,Delivered,Karthik Reddy
ORD00388,2025-09-03,CUST0300,Vijay Iyer,Male,43.0,West,Goa,Panaji,Groceries,Snacks,1,169.19,5,160.73,Credit Card,Delivered,Pooja Patel
ORD00389,2025-05-09,CUST0002,Rohan Gupta,Female,54.0,North,Uttar Pradesh,Lucknow,Furniture,Study Table,4,9250.98,25,27752.94,Cash,Returned,Ananya Iyer
ORD00390,2024-12-27,CUST0137,Vikram Kumar,Male,35.0,South,Karnataka,Bengaluru,Furniture,Office Chair,1,7439.13,20,5951.3,UPI,Returned,Swathi Gupta
ORD00391,2024-03-15,CUST0270,Rahul Patel,Female,59.0,South,Tamil Nadu,Coimbatore,Electronics,Tablet,2,17878.3,0,0.0,UPI,Cancelled,Suresh Rao
ORD00392,2024-02-21,CUST0293,Sneha Sharma,Female,22.0,East,Bihar,Patna,Electronics,Laptop,5,51275.8,10,230741.1,Net Banking,Delivered,Ravi Rao
ORD00393,2025-01-20,CUST0062,Rahul Singh,Male,30.0,South,Andhra Pradesh,Vijayawada,Clothing,Jeans,2,1680.88,5,3193.67,Net Banking,Delivered,Rahul Iyer
ORD00394,2025-09-13,CUST0069,Meena Rao,Female,60.0,South,Tamil Nadu,Coimbatore,Electronics,Laptop,3,57001.8,15,145354.59,,Delivered,Priya Reddy
ORD00395,2024-07-06,CUST0186,Vikram Rao,Female,53.0,West,Gujarat,Ahmedabad,Furniture,Bookshelf,10,5477.59,15,46559.52,Debit Card,Delivered,Vijay Sharma
ORD00396,2024-09-11,CUST0030,Sneha Sharma,Male,26.0,West,Maharashtra,Mumbai,Clothing,Sneakers,1,3391.25,5,3221.69,,Delivered,Sneha Gupta
ORD00397,2025-11-12,CUST0167,Ravi Kumar,Male,36.0,North,Rajasthan,Jaipur,Home Appliances,Air Fryer,1,6000.77,10,5400.69,UPI,Delivered,Pooja Iyer
ORD00398,2024-09-25,CUST0161,Amit Iyer,Male,35.0,West,Goa,Panaji,Electronics,Tablet,2,16759.61,10,30167.3,UPI,Delivered,Pooja Iyer
ORD00399,2025-02-28,CUST0072,Meena Kumar,Male,46.0,West,Goa,Panaji,Clothing,Jeans,6,1677.01,10,9055.85,UPI,Delivered,Kavya Nair
ORD00400,2025-08-23,CUST0141,Ravi Rao,Female,26.0,West,Maharashtra,Pune,Clothing,Jacket,3,2978.6,10,8042.22,UPI,Delivered,Priya Gupta
ORD00401,2025-03-07,CUST0192,Vikram Patel,Male,56.0,East,Bihar,Patna,Groceries,Tea,3,233.37,25,525.08,UPI,Delivered,Neha Reddy
ORD00402,2024-10-23,CUST0130,Karthik Das,Male,53.0,East,West Bengal,Kolkata,Home Appliances,Water Purifier,10,12890.91,10,116018.19,Net Banking,Delivered,Kavya Patel
ORD00403,2025-10-25,CUST0215,Priya Nair,Female,57.0,North,Rajasthan,Jaipur,Furniture,Study Table,6,8807.2,0,52843.2,UPI,Delivered,Rahul Rao
ORD00404,2025-02-08,CUST0283,Meena Nair,Female,61.0,North,Delhi,New Delhi,Electronics,Tablet,3,17449.68,5,49731.59,Credit Card,Delivered,Suresh Kumar
ORD00405,2024-03-09,CUST0085,Amit Reddy,Male,19.0,East,Odisha,Bhubaneswar,Groceries,Coffee,5,429.63,10,1933.34,Credit Card,Returned,Arun Iyer
ORD00406,2024-01-02,CUST0101,Karthik Singh,Female,,North,Delhi,New Delhi,Groceries,Coffee,1,424.3,0,424.3,Debit Card,Delivered,Divya Singh
ORD00407,2024-01-13,CUST0048,Rohan Patel,Male,22.0,North,Uttar Pradesh,Lucknow,Home Appliances,Microwave,2,8495.11,10,15291.2,Credit Card,Delivered,Vijay Gupta
ORD00408,2024-07-30,CUST0016,Swathi Singh,Male,62.0,North,Rajasthan,Jaipur,Clothing,Sneakers,3,3176.94,15,8101.2,UPI,Delivered,Kavya Das
ORD00409,2025-06-10,CUST0292,Vikram Reddy,Male,58.0,South,Karnataka,Bengaluru,Electronics,Smartphone,1,28520.5,25,21390.38,Debit Card,Returned,Swathi Kumar
ORD00410,2024-03-19,CUST0289,Vikram Iyer,Male,34.0,West,Goa,Panaji,Clothing,Sneakers,2,3175.06,0,6350.12,,Delivered,Isha Patel
ORD00411,2024-01-17,CUST0019,Divya Patel,Female,51.0,North,Punjab,Amritsar,Clothing,T-Shirt,5,689.19,5,3273.65,UPI,Delivered,Ananya Rao
ORD00412,2024-01-16,CUST0012,Rahul Kumar,Female,60.0,South,Kerala,Kochi,Electronics,Smartphone,1,27764.13,5,26375.92,Credit Card,Delivered,Vikram Gupta
ORD00413,2024-04-12,CUST0055,Arun Reddy,Male,51.0,West,Gujarat,Ahmedabad,Home Appliances,Microwave,1,9236.21,5,8774.4,Credit Card,Delivered,Suresh Rao
ORD00414,2024-08-19,CUST0256,Pooja Das,Female,44.0,North,Uttar Pradesh,Lucknow,Groceries,Cooking Oil,2,152.04,5,288.88,Credit Card,Delivered,Isha Sharma
ORD00415,2024-02-22,CUST0235,Amit Kumar,Female,53.0,South,Kerala,Kochi,Home Appliances,Vacuum Cleaner,2,7871.75,15,13381.98,Debit Card,Delivered,Rohan Reddy
ORD00416,2024-06-14,CUST0279,Rohan Das,Female,25.0,South,Kerala,Kochi,Clothing,Jeans,2,1630.86,10,2935.55,Cash,Delivered,Karthik Sharma
ORD00417,2025-11-23,CUST0078,Amit Iyer,Male,27.0,South,Tamil Nadu,Coimbatore,Electronics,Smartphone,3,29998.92,10,80997.08,Debit Card,Delivered,Rohan Nair
ORD00418,2025-09-24,CUST0101,Swathi Kumar,Male,34.0,West,Goa,Panaji,Furniture,Study Table,4,9559.79,0,38239.16,Cash,Delivered,Priya Nair
ORD00419,2025-10-08,CUST0222,Kavya Kumar,Male,23.0,West,Gujarat,Ahmedabad,Groceries,Coffee,1,436.95,10,393.26,UPI,Delivered,Divya Sharma
ORD00420,2024-12-28,CUST0156,Sneha Iyer,Male,51.0,South,Andhra Pradesh,Vijayawada,Home Appliances,Air Fryer,3,6126.89,20,14704.54,Credit Card,Delivered,Meena Patel
ORD00421,2024-11-04,CUST0100,Karthik Kumar,Female,47.0,North,Uttar Pradesh,Lucknow,Electronics,Smartphone,2,29294.47,15,0.0,Credit Card,Cancelled,Naveen Rao
ORD00422,2025-04-30,CUST0132,Meena Sharma,Male,42.0,South,Tamil Nadu,Coimbatore,Furniture,Sofa,5,27459.19,0,137295.95,Credit Card,Delivered,Karthik Patel
ORD00423,2025-12-01,CUST0290,Meena Patel,Female,65.0,West,Gujarat,Ahmedabad,Furniture,Sofa,1,27346.61,10,24611.95,Credit Card,Delivered,Ravi Rao
ORD00424,2024-11-19,CUST0147,Naveen Kumar,Female,36.0,South,Andhra Pradesh,Vijayawada,Electronics,Headphones,6,2414.87,5,13764.76,Cash,Delivered,Rahul Reddy
ORD00425,2024-08-09,CUST0258,Ravi Sharma,Male,27.0,East,Bihar,Patna,Groceries,Coffee,10,421.01,5,3999.6,Credit Card,Delivered,Sneha Reddy
ORD00426,2025-05-14,CUST0289,Sneha Reddy,Male,25.0,West,Maharashtra,Mumbai,Home Appliances,Vacuum Cleaner,3,8913.25,10,24065.78,Net Banking,Delivered,Priya Gupta
ORD00427,2024-05-31,CUST0278,Amit Das,Male,52.0,South,Tamil Nadu,Madurai,Groceries,Snacks,10,185.71,5,1764.24,Debit Card,Delivered,Divya Das
ORD00428,2024-11-03,CUST0221,Ravi Kumar,Female,46.0,West,Gujarat,Ahmedabad,Electronics,Smartphone,3,29383.42,5,83742.75,Credit Card,Delivered,Karthik Rao
ORD00429,2024-08-20,CUST0195,Amit Rao,Male,42.0,North,Rajasthan,Jaipur,Clothing,T-Shirt,1,691.75,10,622.58,Debit Card,Delivered,Ananya Iyer
ORD00430,2024-06-28,CUST0235,Ananya Singh,Male,39.0,West,Maharashtra,Pune,Home Appliances,Mixer Grinder,1,3478.0,5,3304.1,Credit Card,Delivered,Arun Rao
ORD00431,2024-08-20,CUST0292,Neha Kumar,Female,48.0,North,Rajasthan,Jaipur,Electronics,Headphones,3,2668.31,25,6003.7,Credit Card,Delivered,Naveen Das
ORD00432,2024-11-28,CUST0085,Suresh Reddy,Female,60.0,West,Goa,Panaji,Groceries,Snacks,2,192.54,20,308.06,UPI,Delivered,Suresh Gupta
ORD00433,2025-01-26,CUST0052,Arun Kumar,Female,65.0,North,Rajasthan,Jaipur,Furniture,Bookshelf,10,5294.18,20,42353.44,Credit Card,Delivered,Pooja Das
ORD00434,2025-01-10,CUST0166,Divya Reddy,Male,53.0,West,Maharashtra,Pune,Furniture,Bookshelf,4,5573.1,25,16719.3,UPI,Delivered,Neha Iyer
ORD00435,2024-08-23,CUST0116,Rahul Sharma,Male,22.0,West,Maharashtra,Mumbai,Furniture,Sofa,4,29053.93,15,98783.36,Net Banking,Delivered,Sneha Gupta
ORD00436,2024-05-12,CUST0279,Ravi Rao,Male,33.0,South,Tamil Nadu,Coimbatore,Electronics,Headphones,2,2496.32,0,4992.64,Debit Card,Delivered,Sneha Singh
ORD00437,2024-08-29,CUST0113,Kavya Das,Male,42.0,South,Kerala,Kochi,Clothing,Jacket,3,2769.08,5,7891.88,Debit Card,Delivered,Divya Singh
ORD00438,2024-08-06,CUST0177,Ananya Iyer,Male,28.0,South,Karnataka,Bengaluru,Home Appliances,Mixer Grinder,8,3492.58,15,0.0,Debit Card,Cancelled,Ravi Sharma
ORD00439,2024-03-23,CUST0262,Pooja Das,Male,65.0,North,Delhi,New Delhi,Electronics,Smartwatch,1,6088.79,10,5479.91,Cash,Delivered,Vikram Kumar
ORD00440,2025-09-30,CUST0234,Vikram Iyer,Male,41.0,West,Maharashtra,Pune,Home Appliances,Mixer Grinder,2,3468.47,20,5549.55,UPI,Delivered,Neha Patel
ORD00441,2025-01-30,CUST0290,Vijay Sharma,Male,28.0,North,Punjab,Amritsar,Clothing,Dress,5,2264.48,0,11322.4,Debit Card,Delivered,Ananya Sharma
ORD00442,2024-08-16,CUST0297,Amit Das,Male,43.0,East,Bihar,Patna,Electronics,Laptop,4,57072.08,0,228288.32,UPI,Delivered,Vijay Patel
ORD00443,2025-08-26,CUST0286,Vijay Gupta,Male,18.0,North,Delhi,New Delhi,Electronics,Smartphone,3,26604.48,15,67841.42,Credit Card,Returned,Swathi Rao
ORD00444,2025-04-19,CUST0093,Ananya Reddy,Female,34.0,West,Maharashtra,Mumbai,Furniture,Bed,3,29483.5,15,75182.92,UPI,Delivered,Priya Iyer
ORD00445,2025-11-09,CUST0161,Kavya Das,Female,38.0,North,Punjab,Amritsar,Furniture,Sofa,1,28698.89,5,27263.95,Net Banking,Delivered,Kavya Das
ORD00446,2025-10-23,CUST0046,Vikram Kumar,Male,,South,Karnataka,Bengaluru,Groceries,Tea,6,267.68,15,1365.17,Debit Card,Delivered,Kavya Das
ORD00447,2025-02-04,CUST0296,Vikram Reddy,Female,37.0,North,Rajasthan,Jaipur,Groceries,Tea,2,234.7,5,445.93,UPI,Returned,Priya Rao
ORD00448,2024-05-13,CUST0022,Ravi Das,Female,32.0,South,Karnataka,Bengaluru,Clothing,Sneakers,2,3389.21,15,5761.66,Credit Card,Delivered,Rohan Das
ORD00449,2024-09-24,CUST0170,Swathi Iyer,Male,53.0,South,Kerala,Kochi,Clothing,Jacket,3,2942.63,0,0.0,UPI,Cancelled,Arun Sharma
ORD00450,2025-02-18,CUST0198,Rahul Das,Male,32.0,East,West Bengal,Kolkata,Groceries,Snacks,1,178.55,15,151.77,UPI,Delivered,Meena Nair
ORD00451,2024-02-12,CUST0154,Vijay Nair,Male,22.0,North,Uttar Pradesh,Lucknow,Furniture,Study Table,2,8868.59,10,15963.46,UPI,Delivered,Priya Das
ORD00452,2024-03-22,CUST0129,Arun Das,Female,22.0,West,Maharashtra,Pune,Furniture,Bed,6,33314.76,5,189894.13,UPI,Delivered,Suresh Das
ORD00453,2025-11-28,CUST0054,Vijay Rao,Male,60.0,West,Maharashtra,Pune,Clothing,T-Shirt,1,740.81,5,703.77,UPI,Delivered,Meena Rao
ORD00454,2024-05-09,CUST0158,Vijay Iyer,Male,26.0,South,Tamil Nadu,Coimbatore,Home Appliances,Microwave,4,9233.08,5,0.0,Credit Card,Cancelled,Kavya Kumar
ORD00455,2024-05-25,CUST0204,Meena Iyer,Male,36.0,North,Punjab,Amritsar,Clothing,Sneakers,1,3117.69,10,2805.92,Debit Card,Delivered,Naveen Iyer
ORD00456,2024-08-01,CUST0062,Sneha Kumar,Female,64.0,West,Goa,Panaji,Home Appliances,Water Purifier,6,14550.44,0,87302.64,Credit Card,Delivered,Swathi Gupta
ORD00457,2024-06-24,CUST0033,Rohan Gupta,Female,56.0,West,Goa,Panaji,Electronics,Smartwatch,4,5690.76,20,18210.43,Credit Card,Delivered,Arun Rao
ORD00458,2024-03-11,CUST0056,Neha Gupta,Male,23.0,North,Punjab,Amritsar,Home Appliances,Air Fryer,2,6278.9,10,11302.02,Credit Card,Delivered,Ravi Kumar
ORD00459,2025-06-03,CUST0154,Ananya Reddy,Female,33.0,West,Goa,Panaji,Electronics,Smartphone,4,29817.79,25,89453.37,UPI,Delivered,Pooja Patel
ORD00460,2024-07-06,CUST0138,Ravi Sharma,Female,65.0,South,Tamil Nadu,Coimbatore,Electronics,Smartphone,3,26379.51,10,71224.68,Credit Card,Delivered,Vijay Rao
ORD00461,2025-09-10,CUST0145,Vikram Sharma,Male,,South,Tamil Nadu,Chennai,Electronics,Tablet,2,17382.47,25,26073.7,Debit Card,Delivered,Rahul Kumar
ORD00462,2024-01-20,CUST0048,Ravi Sharma,Male,21.0,North,Uttar Pradesh,Lucknow,Home Appliances,Water Purifier,2,14613.75,0,29227.5,Credit Card,Delivered,Rahul Gupta
ORD00463,2025-06-27,CUST0106,Pooja Kumar,Male,65.0,North,Punjab,Amritsar,Clothing,Jacket,4,2910.97,5,11061.69,Cash,Delivered,Naveen Reddy
ORD00464,2024-06-26,CUST0154,Ravi Patel,Female,21.0,South,Tamil Nadu,Coimbatore,Groceries,Cooking Oil,2,149.92,15,254.86,Credit Card,Delivered,Divya Singh
ORD00465,2024-04-13,CUST0075,Vijay Rao,Male,42.0,South,Tamil Nadu,Chennai,Home Appliances,Air Fryer,1,6320.09,10,5688.08,Net Banking,Delivered,Meena Gupta
ORD00466,2024-03-25,CUST0182,Priya Das,Male,65.0,South,Kerala,Kochi,Furniture,Study Table,3,9659.49,10,26080.62,UPI,Delivered,Sneha Rao
ORD00467,2025-07-03,CUST0045,Vikram Patel,Male,58.0,South,Tamil Nadu,Chennai,Electronics,Smartphone,2,27845.38,20,44552.61,Net Banking,Returned,Swathi Singh
ORD00468,2024-09-09,CUST0019,Sneha Das,Female,20.0,West,Maharashtra,Pune,Clothing,Jeans,1,1677.19,10,1509.47,,Delivered,Vikram Singh
ORD00469,2024-04-19,CUST0203,Isha Das,Female,61.0,North,Rajasthan,Jaipur,Furniture,Bed,1,29738.07,20,23790.46,Debit Card,Delivered,Naveen Reddy
ORD00470,2024-04-15,CUST0039,Rohan Das,Female,30.0,East,Bihar,Patna,Electronics,Laptop,2,53079.77,15,0.0,UPI,Cancelled,Priya Rao
ORD00471,2024-05-31,CUST0158,Suresh Sharma,Male,60.0,North,Delhi,New Delhi,Home Appliances,Mixer Grinder,3,3222.64,0,9667.92,Credit Card,Delivered,Rahul Singh
ORD00472,2024-09-11,CUST0092,Kavya Kumar,Female,32.0,South,Tamil Nadu,Madurai,Clothing,Jacket,3,2718.93,25,6117.59,Credit Card,Returned,Isha Rao
ORD00473,2024-03-28,CUST0066,Isha Kumar,Female,63.0,West,Maharashtra,Pune,Clothing,T-Shirt,3,692.84,15,0.0,UPI,Cancelled,Karthik Iyer
ORD00474,2024-10-18,CUST0210,Naveen Gupta,Male,27.0,South,Andhra Pradesh,Vijayawada,Electronics,Smartwatch,5,5854.81,15,24882.94,UPI,Delivered,Naveen Kumar
ORD00475,2024-03-16,CUST0158,Isha Reddy,Male,58.0,South,Tamil Nadu,Madurai,Furniture,Bed,4,31235.29,5,118694.1,UPI,Delivered,Priya Iyer
ORD00476,2025-12-05,CUST0191,Rohan Gupta,Female,62.0,West,Maharashtra,Mumbai,Electronics,Tablet,1,17586.45,15,14948.48,UPI,Delivered,Neha Singh
ORD00477,2025-10-13,CUST0190,Swathi Reddy,Female,42.0,West,Goa,Panaji,Electronics,Laptop,2,55754.85,10,100358.73,Debit Card,Delivered,Amit Gupta
ORD00478,2025-01-23,CUST0105,Rahul Patel,Male,47.0,South,Andhra Pradesh,Vijayawada,Electronics,Headphones,4,2308.14,5,8770.93,UPI,Delivered,Arun Sharma
ORD00479,2024-05-31,CUST0111,Naveen Patel,Male,19.0,South,Tamil Nadu,Chennai,Furniture,Office Chair,8,7524.28,15,51165.1,UPI,Delivered,Rahul Iyer
ORD00480,2024-12-11,CUST0103,Isha Sharma,Female,41.0,South,Karnataka,Bengaluru,Electronics,Tablet,3,17085.96,10,46132.09,Credit Card,Delivered,Amit Nair
ORD00481,2024-08-16,CUST0254,Swathi Nair,Male,23.0,South,Tamil Nadu,Chennai,Groceries,Rice,6,927.26,0,5563.56,UPI,Delivered,Kavya Iyer
ORD00482,2025-07-02,CUST0119,Rahul Sharma,Female,38.0,West,Goa,Panaji,Furniture,Study Table,3,9040.39,25,20340.88,Credit Card,Delivered,Neha Singh
ORD00483,2024-08-09,CUST0161,Pooja Nair,Male,60.0,South,Tamil Nadu,Coimbatore,Home Appliances,Water Purifier,1,14076.24,20,11260.99,Debit Card,Delivered,Swathi Rao
ORD00484,2025-11-28,CUST0131,Rahul Kumar,Male,48.0,West,Maharashtra,Pune,Electronics,Smartphone,6,26644.57,25,119900.56,UPI,Delivered,Rahul Das
ORD00485,2025-04-26,CUST0192,Naveen Patel,Male,32.0,East,Odisha,Bhubaneswar,Furniture,Office Chair,2,7686.76,5,14604.84,Debit Card,Delivered,Ravi Reddy
ORD00486,2025-11-29,CUST0198,Kavya Rao,Male,30.0,North,Uttar Pradesh,Lucknow,Furniture,Sofa,2,27724.52,10,49904.14,Cash,Delivered,Rohan Patel
ORD00487,2024-09-29,CUST0068,Neha Singh,Male,48.0,North,Uttar Pradesh,Lucknow,Electronics,Smartphone,8,28683.66,10,206522.35,Credit Card,Delivered,Priya Gupta
ORD00488,2025-05-17,CUST0196,Ravi Reddy,Female,25.0,South,Andhra Pradesh,Vijayawada,Clothing,Jacket,1,2915.33,15,0.0,UPI,Cancelled,Rohan Das
ORD00489,2024-10-13,CUST0180,Vijay Das,Female,40.0,North,Rajasthan,Jaipur,Clothing,T-Shirt,8,664.56,5,5050.66,UPI,Delivered,Sneha Nair
ORD00490,2025-09-13,CUST0013,Amit Rao,Female,41.0,South,Karnataka,Bengaluru,Electronics,Tablet,4,19260.59,20,61633.89,Cash,Returned,Meena Singh
ORD00491,2024-02-29,CUST0249,Rahul Nair,Female,42.0,West,Goa,Panaji,Furniture,Office Chair,2,6955.28,10,12519.5,Credit Card,Delivered,Kavya Iyer
ORD00492,2024-11-01,CUST0074,Vikram Singh,Female,,West,Goa,Panaji,Furniture,Bookshelf,2,5531.13,0,11062.26,Debit Card,Delivered,Suresh Gupta
ORD00493,2025-10-01,CUST0292,Priya Iyer,Male,27.0,South,Andhra Pradesh,Vijayawada,Home Appliances,Water Purifier,2,14548.5,0,29097.0,Cash,Delivered,Suresh Kumar
ORD00494,2025-07-22,CUST0048,Sneha Kumar,Female,18.0,East,West Bengal,Kolkata,Clothing,Jeans,1,1697.54,10,0.0,UPI,Cancelled,Divya Gupta
ORD00495,2024-05-24,CUST0061,Vikram Kumar,Male,37.0,South,Tamil Nadu,Chennai,Electronics,Smartphone,6,28686.28,5,163511.8,UPI,Returned,Amit Gupta
ORD00496,2025-09-28,CUST0192,Pooja Sharma,Male,41.0,West,Maharashtra,Mumbai,Electronics,Smartphone,3,27118.7,5,77288.3,Cash,Delivered,Neha Kumar
ORD00497,2025-02-18,CUST0032,Ravi Patel,Male,63.0,West,Goa,Panaji,Home Appliances,Air Fryer,1,6203.15,15,5272.68,Net Banking,Delivered,Pooja Iyer
ORD00498,2025-05-07,CUST0227,Ravi Nair,Male,60.0,East,Bihar,Patna,Groceries,Tea,8,245.85,15,1671.78,Debit Card,Delivered,Karthik Kumar
ORD00499,2024-03-03,CUST0156,Arun Singh,Male,19.0,South,Kerala,Kochi,Electronics,Smartwatch,3,5689.04,15,14507.05,Credit Card,Delivered,Divya Reddy
ORD00500,2024-12-02,CUST0195,Isha Patel,Female,36.0,West,Maharashtra,Mumbai,Clothing,Jacket,3,2859.7,0,8579.1,Credit Card,Delivered,Sneha Nair
ORD00501,2025-01-18,CUST0287,Pooja Reddy,Male,36.0,East,Bihar,Patna,Clothing,Jeans,2,1496.25,25,2244.38,UPI,Delivered,Divya Kumar
ORD00502,2025-07-22,CUST0145,Vijay Rao,Male,62.0,South,Tamil Nadu,Chennai,Home Appliances,Water Purifier,3,14029.5,10,37879.65,UPI,Delivered,Rohan Reddy
ORD00503,2024-03-08,CUST0028,Isha Patel,Female,32.0,North,Rajasthan,Jaipur,Furniture,Bed,1,30034.84,10,27031.36,UPI,Delivered,Rahul Rao
ORD00504,2025-10-04,CUST0067,Karthik Patel,Male,50.0,North,Punjab,Amritsar,Home Appliances,Mixer Grinder,2,3328.33,5,6323.83,UPI,Delivered,Ananya Kumar
ORD00505,2024-07-31,CUST0282,Ravi Rao,Male,41.0,South,Tamil Nadu,Madurai,Groceries,Tea,5,260.42,0,0.0,Credit Card,Cancelled,Naveen Iyer
ORD00506,2024-02-13,CUST0144,Arun Nair,Female,55.0,West,Maharashtra,Mumbai,Groceries,Tea,10,263.82,10,2374.38,Debit Card,Delivered,Arun Reddy
ORD00507,2025-01-21,CUST0187,Swathi Singh,Male,45.0,South,Tamil Nadu,Chennai,Clothing,T-Shirt,2,718.75,0,0.0,UPI,Cancelled,Suresh Kumar
ORD00508,2024-10-12,CUST0096,Vijay Kumar,Female,45.0,East,West Bengal,Kolkata,Groceries,Snacks,5,168.75,5,801.56,Net Banking,Delivered,Naveen Singh
ORD00509,2025-05-26,CUST0161,Arun Das,Female,38.0,West,Maharashtra,Mumbai,Electronics,Tablet,4,17208.69,15,58509.55,Credit Card,Delivered,Swathi Singh
ORD00510,2025-01-21,CUST0226,Arun Sharma,Female,30.0,West,Maharashtra,Mumbai,Home Appliances,Air Fryer,2,6730.01,15,11441.02,Credit Card,Returned,Pooja Reddy
ORD00511,2025-04-17,CUST0258,Rohan Singh,Female,59.0,South,Andhra Pradesh,Vijayawada,Clothing,Dress,4,2147.54,10,7731.14,Net Banking,Delivered,Vikram Gupta
ORD00512,2025-02-24,CUST0121,Arun Singh,Female,43.0,South,Andhra Pradesh,Vijayawada,Clothing,Jacket,3,2800.26,20,6720.62,Cash,Delivered,Kavya Patel
ORD00513,2024-12-07,CUST0019,Isha Singh,Female,50.0,North,Rajasthan,Jaipur,Home Appliances,Water Purifier,6,14940.51,0,0.0,Debit Card,Cancelled,Ananya Singh
ORD00514,2024-07-26,CUST0125,Arun Kumar,Male,58.0,North,Rajasthan,Jaipur,Furniture,Office Chair,3,7746.79,10,20916.33,Cash,Delivered,Pooja Sharma
ORD00515,2024-12-03,CUST0178,Arun Sharma,Female,56.0,East,West Bengal,Kolkata,Groceries,Snacks,2,172.26,15,292.84,UPI,Delivered,Pooja Nair
ORD00516,2025-08-10,CUST0145,Karthik Gupta,Male,22.0,North,Uttar Pradesh,Lucknow,Furniture,Office Chair,5,7467.46,0,37337.3,UPI,Delivered,Rahul Patel
ORD00517,2024-06-21,CUST0017,Priya Patel,Female,20.0,South,Andhra Pradesh,Vijayawada,Clothing,Sneakers,1,3151.93,0,3151.93,UPI,Delivered,Swathi Iyer
ORD00518,2025-12-27,CUST0100,Vikram Gupta,Female,49.0,West,Maharashtra,Pune,Furniture,Office Chair,2,7215.23,0,14430.46,UPI,Delivered,Amit Das
ORD00519,2025-12-28,CUST0069,Karthik Kumar,Male,23.0,North,Delhi,New Delhi,Electronics,Tablet,3,17933.74,10,48421.1,UPI,Delivered,Pooja Reddy
ORD00520,2025-02-23,CUST0154,Meena Kumar,Female,30.0,North,Punjab,Amritsar,Furniture,Bed,4,32314.14,20,103405.25,UPI,Delivered,Sneha Patel
ORD00521,2025-04-30,CUST0296,Arun Rao,Female,48.0,South,Karnataka,Bengaluru,Clothing,Jacket,1,2920.1,15,2482.08,UPI,Delivered,Ananya Kumar
ORD00522,2025-08-21,CUST0270,Sneha Singh,Female,36.0,North,Rajasthan,Jaipur,Home Appliances,Vacuum Cleaner,2,8787.32,0,17574.64,Credit Card,Delivered,Ananya Patel
ORD00523,2024-03-10,CUST0218,Priya Patel,Female,36.0,South,Tamil Nadu,Chennai,Electronics,Smartwatch,2,6078.59,0,12157.18,UPI,Delivered,Pooja Sharma
ORD00524,2024-12-01,CUST0095,Divya Reddy,Female,36.0,South,Tamil Nadu,Madurai,Home Appliances,Air Fryer,3,6528.55,0,19585.65,Debit Card,Delivered,Kavya Das
ORD00525,2025-07-31,CUST0298,Arun Singh,Male,26.0,West,Maharashtra,Mumbai,Electronics,Headphones,2,2539.77,0,5079.54,Cash,Delivered,Divya Kumar
ORD00526,2024-09-25,CUST0119,Amit Gupta,Female,49.0,West,Maharashtra,Pune,Electronics,Tablet,3,18171.29,0,54513.87,Debit Card,Delivered,Rohan Gupta
ORD00527,2025-12-14,CUST0101,Vijay Patel,Male,27.0,North,Rajasthan,Jaipur,Clothing,Dress,5,2129.09,20,8516.36,Credit Card,Delivered,Sneha Singh
ORD00528,2025-01-15,CUST0033,Ananya Rao,Female,58.0,East,Bihar,Patna,Groceries,Tea,5,250.01,15,1062.54,UPI,Delivered,Divya Nair
ORD00529,2024-11-20,CUST0159,Swathi Patel,Male,56.0,South,Karnataka,Bengaluru,Electronics,Laptop,1,51682.86,25,38762.15,UPI,Delivered,Swathi Kumar
ORD00530,2025-06-13,CUST0226,Vijay Iyer,Female,52.0,West,Gujarat,Ahmedabad,Clothing,Sneakers,3,3278.48,0,9835.44,,Delivered,Rahul Gupta
ORD00531,2024-03-26,CUST0062,Vikram Gupta,Female,30.0,West,Goa,Panaji,Electronics,Smartphone,5,25920.23,10,116641.04,UPI,Delivered,Priya Das
ORD00532,2024-09-27,CUST0060,Sneha Patel,Male,19.0,North,Punjab,Amritsar,Electronics,Smartphone,1,25821.11,5,24530.05,Credit Card,Delivered,Suresh Das
ORD00533,2024-07-20,CUST0146,Ananya Gupta,Male,25.0,South,Tamil Nadu,Madurai,Furniture,Study Table,1,9183.25,5,8724.09,Debit Card,Returned,Vijay Gupta
ORD00534,2024-06-14,CUST0026,Amit Rao,Female,45.0,South,Tamil Nadu,Chennai,Clothing,Dress,3,2160.24,10,5832.65,Credit Card,Delivered,Suresh Nair
ORD00535,2024-06-21,CUST0035,Vijay Nair,Male,,North,Rajasthan,Jaipur,Furniture,Bed,2,30210.54,10,0.0,Credit Card,Cancelled,Rahul Rao
ORD00536,2025-05-17,CUST0215,Naveen Das,Male,20.0,South,Tamil Nadu,Madurai,Electronics,Tablet,2,16688.62,5,31708.38,Credit Card,Delivered,Vijay Kumar
ORD00537,2025-02-19,CUST0051,Vikram Singh,Female,44.0,West,Maharashtra,Mumbai,Home Appliances,Water Purifier,1,13800.55,10,12420.5,Debit Card,Delivered,Sneha Kumar
ORD00538,2024-07-23,CUST0029,Divya Das,Male,27.0,South,Karnataka,Bengaluru,Home Appliances,Water Purifier,10,12963.67,10,116673.03,Debit Card,Delivered,Ravi Kumar
ORD00539,2025-10-27,CUST0038,Rahul Nair,Female,19.0,South,Karnataka,Bengaluru,Groceries,Coffee,4,481.1,5,1828.18,Cash,Returned,Vijay Rao
ORD00540,2025-05-24,CUST0158,Rohan Rao,Male,47.0,North,Punjab,Amritsar,Furniture,Sofa,10,29782.58,0,297825.8,Debit Card,Delivered,Rahul Rao
ORD00541,2024-08-08,CUST0091,Sneha Singh,Male,30.0,West,Maharashtra,Mumbai,Furniture,Office Chair,4,7778.05,15,26445.37,Debit Card,Delivered,Rahul Nair
ORD00542,2024-12-01,CUST0196,Swathi Singh,Female,35.0,North,Rajasthan,Jaipur,Clothing,Dress,2,2134.82,0,4269.64,Debit Card,Delivered,Vikram Rao
ORD00543,2024-08-28,CUST0141,Ananya Patel,Female,25.0,South,Karnataka,Bengaluru,Home Appliances,Water Purifier,1,14389.78,0,14389.78,,Delivered,Meena Reddy
ORD00544,2024-03-01,CUST0125,Sneha Iyer,Female,61.0,South,Tamil Nadu,Madurai,Furniture,Study Table,2,8611.32,10,0.0,Debit Card,Cancelled,Meena Gupta
ORD00545,2025-03-24,CUST0192,Swathi Rao,Female,50.0,South,Kerala,Kochi,Electronics,Smartphone,2,29397.27,10,52915.09,UPI,Delivered,Naveen Patel
ORD00546,2025-08-26,CUST0001,Rohan Nair,Male,22.0,West,Goa,Panaji,Electronics,Laptop,1,56811.77,20,45449.42,Credit Card,Delivered,Vijay Iyer
ORD00547,2025-06-11,CUST0145,Isha Rao,Male,28.0,South,Karnataka,Bengaluru,Groceries,Tea,8,236.13,0,1889.04,Credit Card,Delivered,Priya Iyer
ORD00548,2024-09-21,CUST0114,Ananya Gupta,Female,65.0,South,Tamil Nadu,Coimbatore,Clothing,Jeans,2,1596.43,5,3033.22,Credit Card,Delivered,Divya Rao
ORD00549,2024-03-14,CUST0125,,Female,29.0,South,Andhra Pradesh,Vijayawada,Groceries,Coffee,3,484.28,10,1307.56,Credit Card,Returned,Sneha Singh
ORD00550,2025-03-02,CUST0042,Vikram Nair,Male,19.0,East,Odisha,Bhubaneswar,Electronics,Smartphone,1,28567.43,15,24282.32,Debit Card,Delivered,Rohan Nair
ORD00551,2025-03-04,CUST0123,Ananya Patel,Female,29.0,West,Maharashtra,Pune,Groceries,Snacks,1,184.46,5,175.24,Debit Card,Delivered,Karthik Reddy
ORD00552,2025-09-28,CUST0234,Rohan Rao,Male,22.0,North,Uttar Pradesh,Lucknow,Electronics,Smartwatch,3,6183.31,10,0.0,UPI,Cancelled,Naveen Gupta
ORD00553,2025-08-04,CUST0171,Kavya Reddy,Male,42.0,South,Tamil Nadu,Coimbatore,Home Appliances,Air Fryer,8,6806.88,0,54455.04,Credit Card,Delivered,Ravi Kumar
ORD00554,2024-10-08,CUST0119,Divya Kumar,Male,60.0,South,Andhra Pradesh,Vijayawada,Electronics,Headphones,1,2694.68,10,2425.21,UPI,Delivered,Naveen Iyer
ORD00555,2024-05-01,CUST0010,Divya Kumar,Female,35.0,South,Tamil Nadu,Madurai,Electronics,Tablet,2,19414.04,10,34945.27,UPI,Delivered,Vikram Nair
ORD00556,2024-07-20,CUST0229,Kavya Kumar,Male,42.0,South,Kerala,Kochi,Furniture,Bookshelf,4,5062.5,20,16200.0,UPI,Delivered,Meena Singh
ORD00557,2024-09-24,CUST0298,Priya Iyer,Male,32.0,East,West Bengal,Kolkata,Groceries,Coffee,2,450.47,10,810.85,UPI,Delivered,Rahul Gupta
ORD00558,2025-08-27,CUST0256,Karthik Singh,Male,52.0,South,Tamil Nadu,Madurai,Home Appliances,Air Fryer,3,6191.11,10,16716.0,,Delivered,Swathi Das
ORD00559,2025-02-15,CUST0222,Swathi Rao,Female,50.0,South,Kerala,Kochi,Furniture,Bed,2,32859.17,0,65718.34,Net Banking,Delivered,Pooja Das
ORD00560,2025-09-11,CUST0211,Meena Iyer,Female,54.0,South,Tamil Nadu,Chennai,Furniture,Bed,1,30379.3,15,25822.4,Debit Card,Delivered,Vijay Singh
ORD00561,2024-04-04,CUST0273,Ravi Kumar,Male,41.0,South,Andhra Pradesh,Vijayawada,Clothing,Dress,3,2207.27,15,5628.54,,Delivered,Pooja Patel
ORD00562,2025-04-02,CUST0020,,Male,22.0,South,Tamil Nadu,Coimbatore,Home Appliances,Water Purifier,2,12920.23,0,25840.46,Credit Card,Delivered,Neha Rao
ORD00563,2025-07-12,CUST0005,Neha Kumar,Male,55.0,West,Goa,Panaji,Home Appliances,Microwave,5,9415.12,5,44721.82,Net Banking,Delivered,Pooja Patel
ORD00564,2024-11-06,CUST0089,Neha Singh,Male,41.0,West,Maharashtra,Pune,Groceries,Cooking Oil,1,162.69,5,154.56,UPI,Delivered,Kavya Reddy
ORD00565,2025-08-03,CUST0245,Suresh Rao,Female,,South,Tamil Nadu,Madurai,Clothing,Sneakers,3,3406.65,0,10219.95,Net Banking,Delivered,Amit Kumar
ORD00566,2025-01-02,CUST0047,Divya Das,Male,61.0,West,Maharashtra,Mumbai,Clothing,Sneakers,1,2957.66,0,0.0,Credit Card,Cancelled,Pooja Singh
ORD00567,2025-12-04,CUST0024,Pooja Singh,Male,54.0,East,West Bengal,Kolkata,Electronics,Headphones,2,2512.34,0,5024.68,Credit Card,Delivered,Priya Nair
ORD00568,2024-04-08,CUST0242,Priya Rao,Male,41.0,East,West Bengal,Kolkata,Clothing,Jacket,1,2771.79,5,2633.2,Credit Card,Delivered,Sneha Patel
ORD00569,2024-03-17,CUST0281,Neha Patel,Female,62.0,West,Maharashtra,Mumbai,Clothing,Sneakers,5,3231.94,15,13735.74,UPI,Delivered,Rohan Patel
ORD00570,2025-03-12,CUST0170,Suresh Rao,Male,46.0,North,Delhi,New Delhi,Electronics,Smartwatch,3,5951.92,20,14284.61,UPI,Returned,Vijay Reddy
ORD00571,2025-08-24,CUST0252,Sneha Gupta,Male,22.0,South,Karnataka,Bengaluru,Furniture,Office Chair,2,8096.56,15,13764.15,Credit Card,Delivered,Naveen Nair
ORD00572,2024-01-11,CUST0008,Sneha Das,Male,,South,Karnataka,Bengaluru,Electronics,Headphones,10,2423.45,0,24234.5,Credit Card,Delivered,Isha Reddy
ORD00573,2025-03-24,CUST0080,Swathi Iyer,Female,30.0,South,Karnataka,Bengaluru,Furniture,Bed,3,30778.0,25,69250.5,Net Banking,Delivered,Naveen Gupta
ORD00574,2025-11-29,CUST0245,,Male,50.0,South,Tamil Nadu,Chennai,Electronics,Tablet,8,19156.28,5,0.0,UPI,Cancelled,Pooja Singh
ORD00575,2024-03-17,CUST0009,Naveen Singh,Female,61.0,South,Tamil Nadu,Madurai,Home Appliances,Microwave,3,9406.01,0,28218.03,UPI,Delivered,Sneha Reddy
ORD00576,2024-09-13,CUST0244,Priya Singh,Male,50.0,South,Tamil Nadu,Coimbatore,Electronics,Smartwatch,4,6382.67,20,0.0,UPI,Cancelled,Ravi Patel
ORD00577,2025-07-25,CUST0125,Vikram Reddy,Female,28.0,West,Gujarat,Ahmedabad,Clothing,Jeans,3,1648.86,15,4204.59,Debit Card,Delivered,Meena Iyer
ORD00578,2024-04-28,CUST0037,Divya Iyer,Female,65.0,South,Kerala,Kochi,Groceries,Cooking Oil,2,156.33,0,312.66,Debit Card,Delivered,Ananya Reddy
ORD00579,2025-08-26,CUST0053,Isha Sharma,Female,41.0,North,Punjab,Amritsar,Groceries,Snacks,2,177.31,10,319.16,Cash,Delivered,Divya Das
ORD00580,2024-12-28,CUST0049,Naveen Rao,Female,32.0,North,Rajasthan,Jaipur,Furniture,Sofa,5,29548.77,0,147743.85,Credit Card,Returned,Ananya Iyer
ORD00581,2024-09-16,CUST0197,Karthik Gupta,Female,58.0,North,Delhi,New Delhi,Furniture,Office Chair,3,7958.23,10,21487.22,Credit Card,Delivered,Ananya Sharma
ORD00582,2025-08-16,CUST0083,Rahul Gupta,Male,48.0,South,Tamil Nadu,Coimbatore,Electronics,Headphones,2,2563.73,5,4871.09,Credit Card,Delivered,Priya Gupta
ORD00583,2024-11-26,CUST0165,Arun Gupta,Male,18.0,North,Rajasthan,Jaipur,Clothing,Jacket,1,2906.09,10,2615.48,Debit Card,Delivered,Meena Das
ORD00584,2025-10-02,CUST0258,Rohan Das,Female,43.0,West,Goa,Panaji,Clothing,Jacket,1,2862.83,20,2290.26,UPI,Delivered,Naveen Reddy
ORD00585,2024-03-29,CUST0231,Sneha Patel,Male,59.0,South,Karnataka,Bengaluru,Electronics,Laptop,10,56200.57,20,449604.56,UPI,Delivered,Arun Nair
ORD00586,2024-10-06,CUST0224,Karthik Singh,Male,51.0,West,Maharashtra,Pune,Home Appliances,Air Fryer,8,6505.07,20,41632.45,UPI,Delivered,Pooja Iyer
ORD00587,2024-09-09,CUST0132,Isha Iyer,Male,,West,Maharashtra,Pune,Electronics,Headphones,4,2684.29,10,9663.44,Net Banking,Delivered,Rahul Patel
ORD00588,2025-06-18,CUST0210,Kavya Patel,Female,27.0,West,Gujarat,Ahmedabad,Groceries,Tea,3,252.35,15,643.49,Credit Card,Delivered,Priya Patel
ORD00589,2025-02-04,CUST0028,Rohan Singh,Female,54.0,South,Tamil Nadu,Coimbatore,Clothing,T-Shirt,3,660.11,0,0.0,Debit Card,Cancelled,Arun Rao
ORD00590,2024-11-27,CUST0227,Vikram Gupta,Female,,North,Punjab,Amritsar,Electronics,Smartwatch,3,6101.53,25,13728.44,UPI,Delivered,Neha Reddy
ORD00591,2024-04-26,CUST0227,Meena Patel,Female,50.0,East,Bihar,Patna,Clothing,Jacket,4,2937.07,5,11160.87,UPI,Delivered,Karthik Gupta
ORD00592,2025-10-25,CUST0152,Amit Das,Female,25.0,North,Punjab,Amritsar,Home Appliances,Vacuum Cleaner,2,8997.39,15,15295.56,Credit Card,Delivered,Sneha Gupta
ORD00593,2025-10-03,CUST0061,Rohan Gupta,Male,20.0,East,Odisha,Bhubaneswar,Electronics,Tablet,3,18286.17,10,49372.66,Credit Card,Delivered,Naveen Patel
ORD00594,2025-09-23,CUST0191,Pooja Iyer,Male,38.0,West,Maharashtra,Mumbai,Electronics,Laptop,1,59028.95,20,47223.16,,Delivered,Isha Rao
ORD00595,2025-07-24,CUST0054,Neha Iyer,Female,33.0,West,Maharashtra,Mumbai,Home Appliances,Water Purifier,2,14085.27,20,0.0,Net Banking,Cancelled,Ravi Das
ORD00596,2025-09-20,CUST0106,Rahul Reddy,Male,22.0,North,Rajasthan,Jaipur,Electronics,Smartwatch,2,5677.01,10,10218.62,Net Banking,Delivered,Divya Rao
ORD00597,2024-08-19,CUST0262,Neha Iyer,Female,63.0,North,Punjab,Amritsar,Furniture,Study Table,3,8976.4,0,26929.2,Debit Card,Delivered,Isha Nair
ORD00598,2024-06-20,CUST0289,Arun Singh,Female,53.0,South,Tamil Nadu,Chennai,Electronics,Smartwatch,3,6101.13,0,18303.39,UPI,Delivered,Pooja Patel
ORD00599,2024-11-04,CUST0184,Divya Sharma,Female,56.0,South,Andhra Pradesh,Vijayawada,Furniture,Study Table,2,8835.01,10,0.0,UPI,Cancelled,Suresh Reddy
ORD00600,2025-09-03,CUST0005,Rohan Rao,Female,49.0,North,Delhi,New Delhi,Electronics,Smartwatch,2,6057.43,0,12114.86,UPI,Delivered,Karthik Kumar
ORD00601,2025-08-28,CUST0251,Sneha Nair,Female,28.0,West,Gujarat,Ahmedabad,Electronics,Smartwatch,2,6474.78,10,11654.6,Debit Card,Delivered,Sneha Patel
ORD00602,2024-09-06,CUST0059,Amit Rao,Female,48.0,West,Maharashtra,Mumbai,Furniture,Bookshelf,4,5257.35,0,21029.4,UPI,Returned,Vikram Rao
ORD00603,2024-11-15,CUST0196,Priya Das,Male,56.0,East,West Bengal,Kolkata,Furniture,Sofa,4,29007.42,15,98625.23,Credit Card,Delivered,Ravi Das
ORD00604,2025-01-05,CUST0048,Kavya Das,Male,,West,Gujarat,Ahmedabad,Clothing,Sneakers,2,3411.24,15,5799.11,Net Banking,Delivered,Priya Iyer
ORD00605,2025-08-23,CUST0095,Karthik Gupta,Female,55.0,North,Uttar Pradesh,Lucknow,Home Appliances,Mixer Grinder,3,3684.34,10,9947.72,Debit Card,Delivered,Kavya Nair
ORD00606,2024-11-01,CUST0254,Isha Das,Male,25.0,North,Uttar Pradesh,Lucknow,Groceries,Coffee,2,466.35,0,932.7,Credit Card,Delivered,Priya Singh
ORD00607,2024-03-24,CUST0280,Priya Iyer,Female,21.0,West,Gujarat,Ahmedabad,Furniture,Bed,5,33441.4,20,133765.6,UPI,Delivered,Karthik Sharma
ORD00608,2024-05-16,CUST0247,Pooja Nair,Male,40.0,South,Andhra Pradesh,Vijayawada,Electronics,Headphones,2,2304.66,10,4148.39,UPI,Delivered,Naveen Kumar
ORD00609,2024-06-21,CUST0201,Pooja Rao,Female,29.0,West,Maharashtra,Mumbai,Furniture,Office Chair,4,7674.48,15,26093.23,Debit Card,Delivered,Kavya Patel
ORD00610,2024-11-14,CUST0109,Vikram Das,Male,49.0,East,Odisha,Bhubaneswar,Clothing,Jacket,2,2667.27,5,5067.81,Net Banking,Delivered,Naveen Kumar
ORD00611,2025-12-18,CUST0145,Rohan Kumar,Female,63.0,West,Maharashtra,Pune,Clothing,T-Shirt,2,662.1,0,1324.2,UPI,Delivered,Divya Kumar
ORD00612,2025-12-31,CUST0057,Priya Singh,Female,24.0,West,Gujarat,Ahmedabad,Clothing,Jacket,4,2626.56,10,9455.62,UPI,Delivered,Vijay Sharma
ORD00613,2025-10-23,CUST0010,Arun Das,Male,35.0,South,Tamil Nadu,Coimbatore,Furniture,Office Chair,1,7524.68,5,7148.45,UPI,Delivered,Neha Gupta
ORD00614,2025-07-19,CUST0168,Naveen Kumar,Male,49.0,South,Tamil Nadu,Coimbatore,Clothing,Sneakers,8,3208.57,15,21818.28,UPI,Delivered,Kavya Iyer
ORD00615,2025-09-11,CUST0265,Priya Kumar,Female,54.0,West,Gujarat,Ahmedabad,Groceries,Coffee,4,426.82,15,1451.19,UPI,Delivered,Rohan Das
ORD00616,2025-12-05,CUST0118,Karthik Patel,Female,35.0,North,Punjab,Amritsar,Clothing,T-Shirt,1,681.85,10,613.67,UPI,Delivered,Meena Das
ORD00617,2025-08-04,CUST0099,Vijay Rao,Male,33.0,East,West Bengal,Kolkata,Groceries,Coffee,6,472.63,10,2552.2,UPI,Delivered,Vikram Kumar
ORD00618,2024-03-02,CUST0300,Rohan Das,Female,64.0,West,Maharashtra,Mumbai,Home Appliances,Microwave,3,9057.64,10,24455.63,Net Banking,Delivered,Vikram Iyer
ORD00619,2024-01-17,CUST0068,Karthik Iyer,Female,27.0,East,West Bengal,Kolkata,Groceries,Tea,2,254.04,15,431.87,Debit Card,Returned,Arun Rao
ORD00620,2025-06-16,CUST0152,Divya Patel,Male,58.0,West,Goa,Panaji,Clothing,Jeans,8,1608.69,10,11582.57,UPI,Delivered,Priya Sharma
ORD00621,2025-07-12,CUST0261,Vikram Reddy,Female,23.0,North,Uttar Pradesh,Lucknow,Clothing,Jeans,5,1636.06,5,7771.28,Debit Card,Delivered,Rohan Das
ORD00622,2024-01-24,CUST0028,Amit Kumar,Male,20.0,South,Tamil Nadu,Madurai,Home Appliances,Mixer Grinder,3,3415.17,0,10245.51,Credit Card,Delivered,Naveen Patel
ORD00623,2025-10-10,CUST0120,Rohan Reddy,Male,18.0,East,West Bengal,Kolkata,Electronics,Laptop,1,52072.25,0,52072.25,Cash,Delivered,Naveen Singh
ORD00624,2025-11-16,CUST0074,Naveen Iyer,Male,65.0,South,Karnataka,Bengaluru,Home Appliances,Mixer Grinder,5,3272.24,15,13907.02,Credit Card,Returned,Vikram Reddy
ORD00625,2024-12-20,CUST0288,Amit Nair,Female,36.0,South,Tamil Nadu,Madurai,Home Appliances,Air Fryer,2,6231.25,10,11216.25,UPI,Delivered,Suresh Rao
ORD00626,2025-01-30,CUST0219,Ravi Gupta,Male,20.0,West,Maharashtra,Mumbai,Furniture,Sofa,6,29914.6,10,0.0,Debit Card,Cancelled,Pooja Patel
ORD00627,2024-01-13,CUST0035,Naveen Nair,Male,63.0,North,Rajasthan,Jaipur,Electronics,Smartwatch,1,5996.37,15,5096.91,Net Banking,Delivered,Kavya Reddy
ORD00628,2024-04-24,CUST0090,Isha Nair,Male,42.0,South,Tamil Nadu,Chennai,Home Appliances,Vacuum Cleaner,3,8158.01,5,23250.33,UPI,Delivered,Isha Iyer
ORD00629,2025-06-09,CUST0050,Sneha Reddy,Female,33.0,North,Rajasthan,Jaipur,Home Appliances,Mixer Grinder,1,3386.01,5,3216.71,Credit Card,Delivered,Karthik Das
ORD00630,2024-11-13,CUST0121,Pooja Rao,Female,46.0,South,Karnataka,Bengaluru,Clothing,T-Shirt,1,652.94,10,587.65,Debit Card,Returned,Neha Das
ORD00631,2025-03-16,CUST0069,Divya Nair,Female,29.0,West,Goa,Panaji,Home Appliances,Water Purifier,3,14085.85,10,38031.8,UPI,Returned,Ananya Kumar
ORD00632,2024-09-19,CUST0107,Ananya Reddy,Male,28.0,West,Gujarat,Ahmedabad,Furniture,Bed,1,33359.9,10,0.0,Credit Card,Cancelled,Meena Singh
ORD00633,2024-09-28,CUST0005,Swathi Patel,Male,34.0,West,Gujarat,Ahmedabad,Home Appliances,Mixer Grinder,8,3419.27,5,25986.45,Net Banking,Delivered,Rohan Iyer
ORD00634,2025-03-19,CUST0117,Divya Sharma,Female,60.0,South,Andhra Pradesh,Vijayawada,Home Appliances,Mixer Grinder,2,3621.23,5,6880.34,Debit Card,Delivered,Ravi Das
ORD00635,2025-04-03,CUST0218,Sneha Iyer,Male,45.0,West,Goa,Panaji,Groceries,Coffee,5,437.38,5,2077.55,Debit Card,Delivered,Ravi Nair
ORD00636,2025-03-09,CUST0066,Kavya Reddy,Female,49.0,East,West Bengal,Kolkata,Electronics,Headphones,3,2583.72,0,7751.16,Credit Card,Delivered,Vijay Das
ORD00637,2024-02-18,CUST0115,Ravi Iyer,Female,24.0,East,West Bengal,Kolkata,Home Appliances,Microwave,3,9221.66,20,22131.98,Credit Card,Delivered,Isha Iyer
ORD00638,2025-08-25,CUST0248,Vijay Gupta,Female,21.0,East,Bihar,Patna,Clothing,Jeans,3,1714.97,25,3858.68,Credit Card,Delivered,Pooja Patel
ORD00639,2024-11-04,CUST0230,Neha Gupta,Female,37.0,North,Rajasthan,Jaipur,Home Appliances,Mixer Grinder,2,3227.05,0,6454.1,Debit Card,Delivered,Meena Iyer
ORD00640,2025-04-26,CUST0032,Vikram Gupta,Female,38.0,West,Maharashtra,Mumbai,Clothing,Jeans,2,1607.07,10,2892.73,Cash,Returned,Isha Sharma
ORD00641,2024-10-30,CUST0252,Pooja Nair,Male,31.0,South,Karnataka,Bengaluru,Electronics,Laptop,3,59395.57,5,169277.37,UPI,Delivered,Isha Gupta
ORD00642,2024-04-29,CUST0253,Meena Gupta,Female,44.0,West,Maharashtra,Pune,Furniture,Sofa,4,29736.28,5,112997.86,Debit Card,Delivered,Swathi Rao
ORD00643,2024-11-20,CUST0237,Pooja Nair,Female,65.0,North,Punjab,Amritsar,Home Appliances,Vacuum Cleaner,2,8171.81,15,13892.08,Net Banking,Delivered,Divya Reddy
ORD00644,2024-06-11,CUST0238,Vijay Singh,Male,57.0,East,Bihar,Patna,Electronics,Smartphone,1,26262.84,5,24949.7,Debit Card,Delivered,Isha Das
ORD00645,2024-04-27,CUST0168,Karthik Sharma,Female,63.0,North,Delhi,New Delhi,Electronics,Headphones,3,2533.56,5,7220.65,Net Banking,Delivered,Karthik Nair
ORD00646,2025-12-21,CUST0209,Amit Singh,Male,65.0,South,Andhra Pradesh,Vijayawada,Clothing,Jacket,1,2819.95,10,2537.96,UPI,Delivered,Isha Rao
ORD00647,2024-01-02,CUST0057,Priya Iyer,Female,62.0,West,Gujarat,Ahmedabad,Groceries,Tea,2,244.53,10,440.15,UPI,Returned,Amit Kumar
ORD00648,2025-01-09,CUST0220,Neha Sharma,Male,22.0,West,Maharashtra,Mumbai,Clothing,T-Shirt,1,710.43,0,710.43,UPI,Delivered,Meena Das
ORD00649,2025-04-12,CUST0094,Meena Reddy,Female,32.0,South,Tamil Nadu,Chennai,Groceries,Cooking Oil,2,171.07,5,325.03,Cash,Delivered,Vikram Reddy
ORD00650,2025-06-06,CUST0055,Priya Kumar,Male,33.0,North,Rajasthan,Jaipur,Furniture,Office Chair,2,7911.91,10,14241.44,Credit Card,Delivered,Meena Sharma
ORD00651,2025-06-13,CUST0060,Ananya Nair,Female,62.0,South,Andhra Pradesh,Vijayawada,Electronics,Smartphone,8,27576.21,5,209579.2,Credit Card,Delivered,Sneha Nair
ORD00652,2024-07-14,CUST0295,Priya Iyer,Female,22.0,North,Delhi,New Delhi,Home Appliances,Microwave,1,8359.25,0,8359.25,Cash,Returned,Ananya Patel
ORD00653,2024-12-22,CUST0062,Divya Rao,Female,56.0,South,Tamil Nadu,Coimbatore,Groceries,Snacks,1,191.62,0,191.62,Credit Card,Returned,Naveen Patel
ORD00654,2024-03-04,CUST0101,Priya Sharma,Female,40.0,West,Maharashtra,Mumbai,Furniture,Bookshelf,5,5435.88,5,25820.43,UPI,Returned,Karthik Patel
ORD00655,2024-07-12,CUST0149,Rahul Kumar,Female,46.0,East,Odisha,Bhubaneswar,Furniture,Study Table,4,8558.15,15,29097.71,UPI,Delivered,Arun Das
ORD00656,2025-06-01,CUST0021,Ravi Rao,Female,20.0,East,Odisha,Bhubaneswar,Home Appliances,Microwave,2,9579.06,20,15326.5,UPI,Returned,Vikram Rao
ORD00657,2025-04-14,CUST0021,Ananya Das,Male,61.0,South,Tamil Nadu,Madurai,Clothing,Dress,3,2205.31,15,5623.54,UPI,Delivered,Vijay Singh
ORD00658,2024-08-11,CUST0175,Rahul Kumar,Female,52.0,South,Kerala,Kochi,Electronics,Laptop,6,50781.66,25,228517.47,Credit Card,Delivered,Suresh Sharma
ORD00659,2025-01-07,CUST0116,Isha Das,Female,31.0,North,Uttar Pradesh,Lucknow,Clothing,Sneakers,4,3216.38,15,10935.69,UPI,Delivered,Kavya Kumar
ORD00660,2024-01-06,CUST0036,Vijay Singh,Female,61.0,East,West Bengal,Kolkata,Electronics,Laptop,3,54311.44,0,162934.32,Debit Card,Delivered,Meena Sharma
ORD00661,2024-03-15,CUST0003,Neha Reddy,Female,35.0,North,Punjab,Amritsar,Electronics,Smartphone,2,28245.05,10,50841.09,Debit Card,Delivered,Amit Reddy
ORD00662,2024-06-30,CUST0205,Ravi Iyer,Female,21.0,West,Gujarat,Ahmedabad,Clothing,Sneakers,2,3209.05,20,5134.48,UPI,Delivered,Neha Patel
ORD00663,2025-01-27,CUST0140,Ravi Sharma,Male,25.0,South,Karnataka,Bengaluru,Electronics,Laptop,1,56232.27,20,44985.82,Debit Card,Delivered,Divya Reddy
ORD00664,2025-02-18,CUST0210,Sneha Iyer,Male,53.0,East,Bihar,Patna,Clothing,T-Shirt,2,663.67,10,1194.61,Credit Card,Delivered,Neha Gupta
ORD00665,2024-09-29,CUST0137,Isha Sharma,Male,26.0,North,Delhi,New Delhi,Electronics,Smartphone,4,26159.65,5,99406.67,Credit Card,Delivered,Divya Kumar
ORD00666,2024-08-04,CUST0196,Meena Patel,Female,59.0,East,West Bengal,Kolkata,Furniture,Sofa,1,29237.25,25,21927.94,Credit Card,Delivered,Swathi Gupta
ORD00667,2024-03-30,CUST0260,Meena Singh,Female,46.0,South,Andhra Pradesh,Vijayawada,Electronics,Headphones,2,2651.12,15,4506.9,Debit Card,Delivered,Pooja Patel
ORD00668,2024-10-10,CUST0193,Karthik Rao,Female,53.0,East,Bihar,Patna,Clothing,Sneakers,2,3130.57,0,6261.14,UPI,Delivered,Arun Iyer
ORD00669,2025-10-01,CUST0183,Rohan Gupta,Male,24.0,South,Tamil Nadu,Madurai,Home Appliances,Vacuum Cleaner,5,8745.62,15,0.0,Net Banking,Cancelled,Neha Iyer
ORD00670,2024-08-31,CUST0103,Ravi Reddy,Male,25.0,North,Rajasthan,Jaipur,Clothing,Jeans,3,1557.01,0,0.0,UPI,Cancelled,Suresh Das
ORD00671,2025-04-03,CUST0289,Priya Kumar,Female,55.0,North,Uttar Pradesh,Lucknow,Clothing,Jacket,3,2652.99,5,7561.02,Credit Card,Delivered,Karthik Das
ORD00672,2025-02-14,CUST0284,Swathi Singh,Male,46.0,North,Delhi,New Delhi,Groceries,Coffee,1,453.78,5,431.09,Debit Card,Delivered,Ravi Singh
ORD00673,2025-01-06,CUST0144,Isha Das,Male,33.0,West,Maharashtra,Pune,Electronics,Tablet,6,17549.37,25,78972.17,UPI,Returned,Rohan Gupta
ORD00674,2024-04-22,CUST0168,Arun Gupta,Female,52.0,South,Andhra Pradesh,Vijayawada,Electronics,Laptop,2,58587.6,5,111316.44,Credit Card,Delivered,Priya Kumar
ORD00675,2025-04-07,CUST0218,Suresh Iyer,Female,31.0,North,Rajasthan,Jaipur,Furniture,Office Chair,1,7172.94,0,7172.94,Net Banking,Delivered,Isha Das
ORD00676,2024-02-16,CUST0282,Isha Rao,Male,37.0,South,Kerala,Kochi,Electronics,Smartphone,3,27731.87,10,74876.05,UPI,Delivered,Meena Iyer
ORD00677,2025-09-20,CUST0114,Amit Rao,Female,19.0,North,Punjab,Amritsar,Groceries,Cooking Oil,3,159.6,10,430.92,Net Banking,Delivered,Ravi Reddy
ORD00678,2025-02-26,CUST0182,Vijay Kumar,Female,65.0,North,Uttar Pradesh,Lucknow,Clothing,Dress,2,2240.85,0,4481.7,UPI,Delivered,Naveen Iyer
ORD00679,2025-04-29,CUST0189,Sneha Iyer,Male,53.0,West,Maharashtra,Pune,Groceries,Snacks,6,189.65,0,1137.9,UPI,Delivered,Pooja Patel
ORD00680,2025-03-31,CUST0267,Amit Das,Male,55.0,East,West Bengal,Kolkata,Groceries,Tea,4,260.38,20,833.22,Credit Card,Delivered,Kavya Rao
ORD00681,2025-02-09,CUST0241,Priya Kumar,Female,36.0,South,Karnataka,Bengaluru,Electronics,Smartphone,1,28906.48,5,27461.16,Net Banking,Delivered,Arun Singh
ORD00682,2025-11-29,CUST0200,Rahul Iyer,Female,21.0,West,Goa,Panaji,Clothing,T-Shirt,1,669.19,10,602.27,Net Banking,Delivered,Suresh Singh
ORD00683,2025-01-23,CUST0146,Swathi Das,Female,62.0,North,Rajasthan,Jaipur,Furniture,Sofa,2,27765.35,15,47201.09,Debit Card,Delivered,Isha Singh
ORD00684,2025-03-14,CUST0231,Ananya Sharma,Male,20.0,West,Gujarat,Ahmedabad,Home Appliances,Water Purifier,5,14303.73,5,67942.72,UPI,Returned,Priya Rao
ORD00685,2024-10-14,CUST0124,Neha Gupta,Female,50.0,South,Karnataka,Bengaluru,Clothing,T-Shirt,2,728.82,5,1384.76,Credit Card,Delivered,Vikram Kumar
ORD00686,2025-05-09,CUST0023,Ravi Patel,Male,50.0,South,Tamil Nadu,Chennai,Clothing,Jeans,2,1576.45,5,2995.26,Credit Card,Delivered,Suresh Patel
ORD00687,2025-02-27,CUST0027,Priya Kumar,Female,39.0,South,Tamil Nadu,Madurai,Clothing,Jeans,1,1498.25,10,1348.42,Debit Card,Delivered,Naveen Das
ORD00688,2024-02-10,CUST0260,Isha Das,Male,24.0,North,Punjab,Amritsar,Clothing,Sneakers,2,3046.79,0,6093.58,UPI,Delivered,Sneha Iyer
ORD00689,2024-10-21,CUST0271,Divya Singh,Male,45.0,East,West Bengal,Kolkata,Clothing,Sneakers,6,3381.63,20,16231.82,Credit Card,Delivered,Pooja Patel
ORD00690,2024-06-25,CUST0052,Naveen Kumar,Male,25.0,East,West Bengal,Kolkata,Furniture,Bed,3,31868.55,5,90825.37,Credit Card,Returned,Priya Patel
ORD00691,2025-11-10,CUST0115,Pooja Iyer,Female,34.0,South,Kerala,Kochi,Electronics,Headphones,1,2605.06,10,2344.55,Credit Card,Delivered,Sneha Iyer
ORD00692,2025-06-03,CUST0043,Isha Reddy,Female,44.0,West,Gujarat,Ahmedabad,Electronics,Laptop,1,56147.53,5,53340.15,UPI,Delivered,Rohan Sharma
ORD00693,2024-08-18,CUST0239,Isha Iyer,Female,64.0,West,Gujarat,Ahmedabad,Electronics,Headphones,2,2363.85,5,4491.31,UPI,Delivered,Priya Iyer
ORD00694,2025-11-15,CUST0264,Priya Gupta,Female,62.0,North,Delhi,New Delhi,Furniture,Office Chair,4,7249.89,5,27549.58,Credit Card,Delivered,Isha Singh
ORD00695,2025-09-23,CUST0065,Vijay Rao,Male,61.0,West,Goa,Panaji,Groceries,Tea,2,268.75,0,537.5,UPI,Delivered,Rohan Nair
ORD00696,2024-09-01,CUST0300,Meena Sharma,Female,19.0,West,Maharashtra,Mumbai,Electronics,Tablet,1,18976.46,20,15181.17,UPI,Delivered,Kavya Iyer
ORD00697,2025-09-04,CUST0105,Neha Rao,Female,22.0,South,Karnataka,Bengaluru,Furniture,Office Chair,4,8011.45,0,32045.8,Credit Card,Returned,Isha Kumar
ORD00698,2024-08-04,CUST0262,Isha Nair,Male,48.0,North,Delhi,New Delhi,Home Appliances,Microwave,10,8936.45,15,75959.82,UPI,Delivered,Suresh Nair
ORD00699,2025-05-25,CUST0286,Divya Rao,Male,31.0,West,Gujarat,Ahmedabad,Home Appliances,Mixer Grinder,2,3245.47,20,5192.75,UPI,Returned,Rohan Rao
ORD00700,2024-04-17,CUST0245,Arun Iyer,Male,31.0,West,Maharashtra,Pune,Furniture,Bed,1,31433.56,20,25146.85,Net Banking,Delivered,Vikram Nair
ORD00701,2025-02-11,CUST0286,Priya Patel,Male,64.0,South,Tamil Nadu,Coimbatore,Furniture,Office Chair,2,7946.96,15,13509.83,Net Banking,Delivered,Kavya Nair
ORD00702,2025-09-01,CUST0016,Kavya Rao,Male,48.0,North,Rajasthan,Jaipur,Groceries,Cooking Oil,3,150.84,15,384.64,Credit Card,Returned,Ananya Kumar
ORD00703,2025-02-25,CUST0263,Rohan Iyer,Female,50.0,North,Rajasthan,Jaipur,Home Appliances,Mixer Grinder,2,3260.52,15,5542.88,UPI,Delivered,Divya Rao
ORD00704,2025-09-11,CUST0299,Naveen Patel,Male,46.0,North,Uttar Pradesh,Lucknow,Furniture,Sofa,1,30108.29,10,27097.46,UPI,Delivered,Rohan Sharma
ORD00705,2024-07-31,CUST0188,Neha Iyer,Female,26.0,North,Punjab,Amritsar,Clothing,T-Shirt,2,646.16,15,1098.47,Cash,Delivered,Sneha Singh
ORD00706,2024-12-16,CUST0210,Amit Sharma,Male,58.0,North,Rajasthan,Jaipur,Clothing,T-Shirt,8,712.17,5,5412.49,Debit Card,Delivered,Isha Kumar
ORD00707,2024-12-24,CUST0038,Rahul Singh,Female,58.0,South,Karnataka,Bengaluru,Home Appliances,Microwave,2,8506.47,10,15311.65,UPI,Delivered,Isha Iyer
ORD00708,2025-01-10,CUST0026,Amit Singh,Male,33.0,South,Kerala,Kochi,Furniture,Bookshelf,1,5624.76,10,5062.28,Net Banking,Returned,Divya Sharma
ORD00709,2025-06-07,CUST0087,Rohan Iyer,Female,47.0,South,Andhra Pradesh,Vijayawada,Home Appliances,Air Fryer,3,6962.84,0,20888.52,UPI,Delivered,Kavya Nair
ORD00710,2024-09-15,CUST0111,Sneha Kumar,Male,36.0,South,Tamil Nadu,Chennai,Electronics,Tablet,2,16619.02,0,33238.04,Credit Card,Delivered,Swathi Das
ORD00711,2024-05-26,CUST0007,Amit Reddy,Male,60.0,North,Uttar Pradesh,Lucknow,Home Appliances,Air Fryer,6,6319.81,10,34126.97,UPI,Returned,Sneha Rao
ORD00712,2025-04-19,CUST0256,Priya Nair,Male,21.0,North,Delhi,New Delhi,Furniture,Study Table,1,9427.26,10,8484.53,UPI,Delivered,Ravi Iyer
ORD00713,2025-06-21,CUST0177,Suresh Gupta,Female,50.0,South,Tamil Nadu,Chennai,Furniture,Office Chair,6,7667.47,0,46004.82,,Delivered,Ravi Nair
ORD00714,2024-07-08,CUST0012,Divya Reddy,Female,57.0,North,Uttar Pradesh,Lucknow,Groceries,Tea,5,247.29,10,1112.8,Net Banking,Delivered,Isha Nair
ORD00715,2025-09-16,CUST0201,Arun Rao,Male,38.0,West,Maharashtra,Mumbai,Electronics,Smartphone,3,27906.1,0,83718.3,Cash,Delivered,Rohan Iyer
ORD00716,2024-08-10,CUST0178,Isha Das,Female,48.0,West,Goa,Panaji,Clothing,Jacket,3,2608.73,5,7434.88,UPI,Delivered,Suresh Gupta
ORD00717,2024-10-20,CUST0098,Sneha Singh,Female,63.0,North,Delhi,New Delhi,Clothing,Dress,6,2231.79,10,0.0,Credit Card,Cancelled,Kavya Nair
ORD00718,2025-07-03,CUST0231,Divya Singh,Female,52.0,North,Delhi,New Delhi,Furniture,Office Chair,1,7713.44,10,6942.1,Debit Card,Delivered,Ravi Nair
ORD00719,2025-12-05,CUST0050,Naveen Sharma,Male,48.0,South,Andhra Pradesh,Vijayawada,Clothing,Sneakers,4,2973.03,10,10702.91,Cash,Delivered,Naveen Iyer
ORD00720,2025-07-01,CUST0018,Rahul Singh,Male,43.0,West,Gujarat,Ahmedabad,Electronics,Laptop,2,54028.03,10,97250.45,Debit Card,Returned,Pooja Singh
ORD00721,2025-12-09,CUST0258,Isha Gupta,Male,44.0,East,Odisha,Bhubaneswar,Furniture,Sofa,3,28246.77,15,72029.26,Debit Card,Delivered,Ananya Kumar
ORD00722,2025-11-20,CUST0167,Meena Gupta,Female,54.0,West,Maharashtra,Mumbai,Clothing,Jeans,1,1490.98,20,0.0,Debit Card,Cancelled,Isha Rao
ORD00723,2025-06-22,CUST0071,Pooja Rao,Male,26.0,South,Kerala,Kochi,Clothing,Jeans,4,1658.94,10,5972.18,Credit Card,Delivered,Vijay Gupta
ORD00724,2024-10-22,CUST0135,Divya Gupta,Male,30.0,South,Kerala,Kochi,Electronics,Headphones,4,2474.85,15,8414.49,UPI,Delivered,Vikram Kumar
ORD00725,2025-12-06,CUST0014,Pooja Iyer,Female,29.0,South,Tamil Nadu,Coimbatore,Furniture,Office Chair,5,7270.28,25,27263.55,UPI,Delivered,Kavya Gupta
ORD00726,2024-12-31,CUST0162,Rahul Kumar,Male,64.0,South,Karnataka,Bengaluru,Furniture,Office Chair,2,6978.01,5,0.0,UPI,Cancelled,Ravi Nair
ORD00727,2024-07-11,CUST0106,Isha Rao,Male,41.0,South,Tamil Nadu,Chennai,Groceries,Rice,1,829.61,5,788.13,Credit Card,Delivered,Sneha Kumar
ORD00728,2025-10-12,CUST0052,Rohan Kumar,Male,44.0,South,Karnataka,Bengaluru,Clothing,Dress,3,2075.15,15,0.0,Debit Card,Cancelled,Meena Das
ORD00729,2024-07-20,CUST0244,Pooja Kumar,Female,43.0,South,Tamil Nadu,Madurai,Electronics,Smartwatch,5,5953.03,0,29765.15,UPI,Delivered,Kavya Patel
ORD00730,2024-03-21,CUST0193,Karthik Gupta,Female,19.0,South,Tamil Nadu,Chennai,Electronics,Tablet,2,18590.5,5,35321.95,Credit Card,Delivered,Pooja Nair
ORD00731,2024-03-04,CUST0131,Ravi Gupta,Female,63.0,North,Rajasthan,Jaipur,Electronics,Tablet,4,18847.19,5,71619.32,UPI,Returned,Meena Nair
ORD00732,2024-06-30,CUST0103,Kavya Reddy,Male,43.0,West,Maharashtra,Mumbai,Furniture,Bed,4,32878.93,0,131515.72,Credit Card,Delivered,Pooja Rao
ORD00733,2025-05-20,CUST0281,Rahul Patel,Female,39.0,West,Gujarat,Ahmedabad,Electronics,Smartwatch,1,5808.91,10,5228.02,Net Banking,Delivered,Rahul Reddy
ORD00734,2025-06-20,CUST0169,Suresh Gupta,Male,36.0,South,Karnataka,Bengaluru,Clothing,Sneakers,1,3432.77,0,3432.77,UPI,Delivered,Naveen Patel
ORD00735,2024-12-25,CUST0129,Vikram Patel,Female,39.0,East,Odisha,Bhubaneswar,Clothing,T-Shirt,3,743.67,15,1896.36,Cash,Delivered,Vijay Iyer
ORD00736,2025-12-15,CUST0261,Vikram Nair,Male,32.0,East,Odisha,Bhubaneswar,Groceries,Cooking Oil,2,169.15,0,338.3,Credit Card,Delivered,Priya Das
ORD00737,2024-03-18,CUST0056,Pooja Sharma,Male,33.0,South,Tamil Nadu,Chennai,Clothing,Jeans,1,1720.2,0,1720.2,Net Banking,Delivered,Vijay Sharma
ORD00738,2025-08-27,CUST0294,Pooja Singh,Male,61.0,East,West Bengal,Kolkata,Electronics,Tablet,3,16848.67,20,40436.81,Debit Card,Delivered,Ananya Kumar
ORD00739,2024-02-02,CUST0241,Meena Sharma,Male,36.0,North,Uttar Pradesh,Lucknow,Electronics,Tablet,1,18963.23,5,18015.07,Credit Card,Delivered,Ravi Rao
ORD00740,2025-03-14,CUST0013,Kavya Das,Male,35.0,North,Punjab,Amritsar,Clothing,Sneakers,2,3186.59,10,0.0,Debit Card,Cancelled,Neha Sharma
ORD00741,2024-06-25,CUST0035,Meena Kumar,Female,53.0,South,Karnataka,Bengaluru,Clothing,Jeans,3,1555.15,0,4665.45,Cash,Delivered,Rahul Das
ORD00742,2024-11-04,CUST0009,Amit Iyer,Male,,West,Goa,Panaji,Furniture,Study Table,6,8565.27,0,51391.62,Debit Card,Delivered,Swathi Patel
ORD00743,2025-04-11,CUST0129,Karthik Rao,Male,51.0,East,Bihar,Patna,Groceries,Coffee,2,453.38,0,906.76,Cash,Delivered,Swathi Patel
ORD00744,2025-06-17,CUST0096,Kavya Singh,Male,31.0,North,Uttar Pradesh,Lucknow,Furniture,Study Table,6,8413.28,15,42907.73,Credit Card,Delivered,Divya Gupta
ORD00745,2025-09-18,CUST0008,Ravi Singh,Female,24.0,West,Goa,Panaji,Furniture,Sofa,1,28319.71,5,0.0,Credit Card,Cancelled,Naveen Patel
ORD00746,2025-11-01,CUST0010,Amit Iyer,Female,20.0,North,Rajasthan,Jaipur,Groceries,Tea,3,235.52,10,635.9,Net Banking,Delivered,Amit Singh
ORD00747,2024-01-13,CUST0047,Swathi Iyer,Male,20.0,South,Andhra Pradesh,Vijayawada,Groceries,Cooking Oil,5,160.56,0,0.0,Credit Card,Cancelled,Priya Singh
ORD00748,2024-01-12,CUST0220,Kavya Nair,Female,61.0,South,Tamil Nadu,Chennai,Electronics,Headphones,2,2376.38,0,4752.76,Net Banking,Delivered,Divya Rao
ORD00749,2024-11-30,CUST0160,Sneha Kumar,Male,46.0,North,Rajasthan,Jaipur,Electronics,Laptop,2,56874.65,0,113749.3,Credit Card,Delivered,Karthik Sharma
ORD00750,2025-08-05,CUST0230,Naveen Reddy,Female,42.0,South,Tamil Nadu,Coimbatore,Furniture,Sofa,2,26891.47,5,51093.79,UPI,Delivered,Divya Sharma
ORD00751,2025-02-23,CUST0265,Vijay Patel,Male,63.0,West,Goa,Panaji,Furniture,Sofa,2,25964.06,5,49331.71,Credit Card,Delivered,Suresh Iyer
ORD00752,2025-12-16,CUST0253,Kavya Patel,Female,41.0,West,Maharashtra,Mumbai,Groceries,Cooking Oil,1,166.89,15,141.86,Debit Card,Delivered,Sneha Reddy
ORD00753,2025-10-30,CUST0067,Amit Patel,Male,50.0,North,Rajasthan,Jaipur,Groceries,Coffee,1,439.42,25,329.56,Credit Card,Delivered,Meena Kumar
ORD00754,2025-04-29,CUST0149,Naveen Patel,Female,38.0,South,Kerala,Kochi,Furniture,Sofa,5,29918.41,10,134632.84,Net Banking,Delivered,Divya Gupta
ORD00755,2024-01-06,CUST0191,Isha Reddy,Male,48.0,West,Maharashtra,Pune,Clothing,T-Shirt,4,676.27,5,2569.83,Debit Card,Delivered,Meena Iyer
ORD00756,2024-10-13,CUST0105,Pooja Singh,Female,64.0,North,Rajasthan,Jaipur,Electronics,Tablet,3,16984.38,0,50953.14,Credit Card,Delivered,Pooja Reddy
ORD00757,2024-07-20,CUST0168,Divya Nair,Female,34.0,East,West Bengal,Kolkata,Electronics,Smartwatch,3,5762.11,5,0.0,UPI,Cancelled,Pooja Rao
ORD00758,2025-09-21,CUST0144,Ravi Patel,Male,53.0,North,Punjab,Amritsar,Electronics,Smartwatch,4,6422.79,10,23122.04,Debit Card,Delivered,Sneha Das
ORD00759,2024-10-30,CUST0132,Karthik Das,Male,23.0,East,Bihar,Patna,Clothing,Jeans,2,1635.86,10,2944.55,Credit Card,Delivered,Amit Reddy
ORD00760,2024-01-31,CUST0198,Pooja Nair,Male,37.0,West,Gujarat,Ahmedabad,Clothing,Sneakers,2,3254.51,15,5532.67,UPI,Returned,Suresh Kumar
ORD00761,2025-12-12,CUST0055,Suresh Das,Female,46.0,West,Maharashtra,Mumbai,Furniture,Bookshelf,1,5413.27,15,4601.28,Debit Card,Returned,Meena Kumar
ORD00762,2025-10-01,CUST0262,Rahul Reddy,Female,36.0,North,Delhi,New Delhi,Clothing,Jacket,1,2782.71,10,2504.44,Debit Card,Delivered,Suresh Nair
ORD00763,2025-01-17,CUST0158,Arun Gupta,Male,25.0,West,Maharashtra,Mumbai,Furniture,Office Chair,10,8079.7,10,72717.3,UPI,Delivered,Rohan Das
ORD00764,2025-06-25,CUST0039,Naveen Rao,Female,24.0,South,Karnataka,Bengaluru,Furniture,Sofa,6,28780.41,5,164048.34,UPI,Returned,Suresh Iyer
ORD00765,2024-12-25,CUST0288,Vijay Singh,Male,32.0,South,Karnataka,Bengaluru,Home Appliances,Microwave,2,8633.25,25,12949.88,Debit Card,Delivered,Rohan Nair
ORD00766,2025-10-08,CUST0054,Arun Sharma,Male,49.0,East,Odisha,Bhubaneswar,Clothing,Jacket,5,2689.81,5,0.0,UPI,Cancelled,Sneha Sharma
ORD00767,2025-06-03,CUST0223,Karthik Das,Female,57.0,North,Uttar Pradesh,Lucknow,Electronics,Smartphone,8,30184.77,10,0.0,Cash,Cancelled,Rahul Kumar
ORD00768,2024-12-26,CUST0233,Priya Sharma,Female,20.0,North,Rajasthan,Jaipur,Furniture,Office Chair,4,7932.72,0,31730.88,Debit Card,Delivered,Kavya Nair
ORD00769,2024-01-18,CUST0155,Pooja Rao,Female,29.0,North,Uttar Pradesh,Lucknow,Home Appliances,Vacuum Cleaner,4,8043.95,10,28958.22,Credit Card,Delivered,Neha Singh
ORD00770,2025-12-04,CUST0079,Rohan Das,Male,40.0,West,Gujarat,Ahmedabad,Groceries,Rice,1,952.23,5,904.62,UPI,Delivered,Vijay Das
ORD00771,2024-06-09,CUST0117,Vikram Rao,Male,33.0,West,Gujarat,Ahmedabad,Furniture,Sofa,4,27425.68,5,104217.58,UPI,Delivered,Meena Reddy
ORD00772,2024-09-29,CUST0274,Rohan Rao,Male,41.0,West,Goa,Panaji,Electronics,Headphones,2,2391.12,0,4782.24,UPI,Delivered,Ananya Sharma
ORD00773,2024-05-10,CUST0148,Suresh Das,Male,25.0,South,Karnataka,Bengaluru,Furniture,Bed,3,33473.87,5,95400.53,Net Banking,Delivered,Divya Singh
ORD00774,2025-06-19,CUST0078,Ravi Kumar,Male,41.0,North,Uttar Pradesh,Lucknow,Electronics,Laptop,3,54108.04,0,162324.12,Debit Card,Delivered,Ravi Patel
ORD00775,2025-09-22,CUST0168,Arun Singh,Female,46.0,North,Delhi,New Delhi,Electronics,Tablet,2,19272.69,10,0.0,Credit Card,Cancelled,Isha Gupta
ORD00776,2024-02-06,CUST0064,Rohan Reddy,Male,20.0,East,Odisha,Bhubaneswar,Groceries,Rice,3,899.4,20,0.0,Debit Card,Cancelled,Rahul Iyer
ORD00777,2024-08-19,CUST0068,Isha Sharma,Female,50.0,West,Gujarat,Ahmedabad,Furniture,Study Table,1,9175.51,0,9175.51,UPI,Delivered,Ravi Rao
ORD00778,2024-09-09,CUST0169,Naveen Rao,Male,62.0,East,West Bengal,Kolkata,Electronics,Smartphone,1,29601.99,0,29601.99,Net Banking,Delivered,Divya Kumar
ORD00779,2024-08-09,CUST0173,Isha Rao,Female,40.0,West,Goa,Panaji,Electronics,Tablet,3,17036.74,10,45999.2,Net Banking,Delivered,Pooja Rao
ORD00780,2025-01-06,CUST0143,Ananya Nair,Male,63.0,South,Andhra Pradesh,Vijayawada,Electronics,Laptop,1,54635.72,15,46440.36,Net Banking,Returned,Ravi Iyer
ORD00781,2024-10-11,CUST0113,Ananya Iyer,Male,65.0,West,Gujarat,Ahmedabad,Clothing,Jacket,2,2654.0,5,0.0,Cash,Cancelled,Swathi Kumar
ORD00782,2025-11-21,CUST0246,,Female,56.0,South,Andhra Pradesh,Vijayawada,Electronics,Laptop,1,51438.22,0,51438.22,Credit Card,Delivered,Ananya Iyer
ORD00783,2025-01-03,CUST0103,Vijay Gupta,Female,31.0,North,Rajasthan,Jaipur,Clothing,Sneakers,2,3204.72,20,5127.55,Debit Card,Delivered,Ravi Reddy
ORD00784,2024-09-16,CUST0299,Meena Patel,Female,32.0,East,West Bengal,Kolkata,Clothing,Dress,2,2113.3,20,3381.28,Net Banking,Delivered,Kavya Rao
ORD00785,2024-02-21,CUST0014,Rahul Rao,Male,24.0,West,Maharashtra,Mumbai,Electronics,Smartwatch,4,5665.52,10,20395.87,Credit Card,Returned,Karthik Patel
ORD00786,2024-09-27,CUST0069,Isha Singh,Male,59.0,West,Gujarat,Ahmedabad,Furniture,Bed,4,32915.01,10,0.0,UPI,Cancelled,Naveen Nair
ORD00787,2024-07-15,CUST0243,Rahul Reddy,Female,45.0,North,Punjab,Amritsar,Electronics,Laptop,8,57689.6,5,438440.96,UPI,Delivered,Karthik Gupta
ORD00788,2025-10-25,CUST0095,Vijay Rao,Female,49.0,South,Andhra Pradesh,Vijayawada,Home Appliances,Microwave,4,8702.43,15,29588.26,Credit Card,Delivered,Pooja Sharma
ORD00789,2024-02-01,CUST0118,Sneha Das,Female,63.0,South,Tamil Nadu,Madurai,Home Appliances,Water Purifier,5,14435.45,15,0.0,UPI,Cancelled,Naveen Iyer
ORD00790,2025-08-27,CUST0050,Vikram Rao,Male,58.0,South,Karnataka,Bengaluru,Clothing,Jeans,5,1563.95,10,7037.78,UPI,Delivered,Neha Reddy
ORD00791,2025-10-04,CUST0270,Vikram Gupta,Female,34.0,East,Odisha,Bhubaneswar,Home Appliances,Water Purifier,1,13564.12,15,11529.5,Credit Card,Returned,Priya Nair
ORD00792,2025-06-16,CUST0281,Divya Rao,Female,26.0,South,Tamil Nadu,Chennai,Clothing,T-Shirt,1,743.34,0,743.34,UPI,Delivered,Neha Rao
ORD00793,2025-04-15,CUST0283,Neha Patel,Male,39.0,South,Kerala,Kochi,Home Appliances,Microwave,6,8344.71,0,50068.26,Credit Card,Delivered,Naveen Sharma
ORD00794,2025-09-15,CUST0185,Suresh Kumar,Female,19.0,West,Goa,Panaji,Groceries,Rice,3,951.3,0,2853.9,Debit Card,Delivered,Karthik Singh
ORD00795,2024-10-13,CUST0106,Arun Nair,Male,56.0,South,Tamil Nadu,Coimbatore,Groceries,Tea,1,230.75,25,173.06,UPI,Delivered,Swathi Reddy
ORD00796,2024-09-13,CUST0168,Vikram Reddy,Male,56.0,North,Delhi,New Delhi,Clothing,Dress,5,2351.06,10,10579.77,UPI,Delivered,Vikram Singh
ORD00797,2024-05-13,CUST0066,Ravi Singh,Female,60.0,South,Karnataka,Bengaluru,Home Appliances,Mixer Grinder,2,3504.42,15,0.0,Credit Card,Cancelled,Rohan Das
ORD00798,2025-10-16,CUST0298,Kavya Sharma,Male,25.0,West,Goa,Panaji,Clothing,Jeans,1,1474.62,0,1474.62,Cash,Delivered,Karthik Singh
ORD00799,2025-10-25,CUST0108,Arun Singh,Female,47.0,West,Maharashtra,Pune,Furniture,Bed,3,33100.06,15,84405.15,Debit Card,Delivered,Suresh Kumar
ORD00800,2024-07-14,CUST0145,Vikram Das,Male,41.0,South,Andhra Pradesh,Vijayawada,Home Appliances,Air Fryer,2,6886.91,5,13085.13,Net Banking,Delivered,Divya Patel
ORD00801,2025-11-25,CUST0205,Sneha Gupta,Male,65.0,South,Karnataka,Bengaluru,Home Appliances,Air Fryer,2,6766.7,10,12180.06,UPI,Delivered,Pooja Singh
ORD00802,2025-06-17,CUST0167,Swathi Rao,Female,27.0,North,Punjab,Amritsar,Groceries,Snacks,5,169.36,5,804.46,Credit Card,Delivered,Vijay Iyer
ORD00803,2025-09-24,CUST0176,Sneha Patel,Female,52.0,North,Uttar Pradesh,Lucknow,Electronics,Laptop,1,56020.2,10,50418.18,Net Banking,Delivered,Sneha Rao
ORD00804,2025-03-25,CUST0032,Suresh Kumar,Female,41.0,East,Odisha,Bhubaneswar,Electronics,Smartwatch,4,5782.09,10,0.0,Debit Card,Cancelled,Priya Reddy
ORD00805,2025-02-02,CUST0128,Vikram Sharma,Female,58.0,West,Goa,Panaji,Furniture,Office Chair,2,7649.31,15,13003.83,UPI,Returned,Suresh Singh
ORD00806,2025-08-22,CUST0192,Ravi Kumar,Male,30.0,South,Tamil Nadu,Madurai,Home Appliances,Mixer Grinder,1,3386.81,10,3048.13,UPI,Delivered,Ananya Iyer
ORD00807,2024-11-03,CUST0214,Naveen Reddy,Male,63.0,South,Tamil Nadu,Madurai,Groceries,Snacks,1,177.18,25,132.88,Net Banking,Returned,Amit Reddy
ORD00808,2024-03-27,CUST0181,Ananya Rao,Male,31.0,East,Odisha,Bhubaneswar,Electronics,Headphones,5,2699.11,5,0.0,UPI,Cancelled,Sneha Iyer
ORD00809,2025-11-01,CUST0202,Kavya Rao,Male,49.0,South,Tamil Nadu,Madurai,Home Appliances,Water Purifier,2,13295.75,15,22602.78,UPI,Delivered,Isha Singh
ORD00810,2024-04-19,CUST0163,Priya Patel,Female,22.0,North,Punjab,Amritsar,Electronics,Smartwatch,1,5670.12,15,4819.6,UPI,Delivered,Priya Reddy
ORD00811,2024-06-25,CUST0053,Meena Kumar,Male,19.0,North,Rajasthan,Jaipur,Clothing,Jacket,3,2778.95,20,6669.48,Cash,Delivered,Ananya Patel
ORD00812,2024-03-12,CUST0223,Isha Das,Male,45.0,South,Karnataka,Bengaluru,Furniture,Office Chair,6,7461.44,5,42530.21,Net Banking,Delivered,Rahul Reddy
ORD00813,2024-12-25,CUST0006,Vijay Sharma,Female,42.0,West,Goa,Panaji,Groceries,Snacks,4,189.73,15,645.08,Credit Card,Delivered,Isha Iyer
ORD00814,2025-08-29,CUST0077,Amit Kumar,Male,32.0,North,Delhi,New Delhi,Home Appliances,Air Fryer,1,6112.44,20,4889.95,UPI,Delivered,Pooja Gupta
ORD00815,2024-01-16,CUST0127,Neha Nair,Male,19.0,South,Tamil Nadu,Chennai,Electronics,Headphones,6,2666.24,5,15197.57,Credit Card,Delivered,Amit Nair
ORD00816,2024-01-12,CUST0067,Priya Iyer,Female,56.0,South,Tamil Nadu,Chennai,Furniture,Office Chair,8,7160.12,0,57280.96,Cash,Delivered,Amit Patel
ORD00817,2025-12-02,CUST0138,Isha Gupta,Male,63.0,West,Gujarat,Ahmedabad,Furniture,Bookshelf,5,5200.75,5,24703.56,Cash,Delivered,Arun Singh
ORD00818,2025-11-13,CUST0268,Rahul Sharma,Female,24.0,South,Andhra Pradesh,Vijayawada,Clothing,Dress,1,2068.13,0,2068.13,UPI,Delivered,Swathi Nair
ORD00819,2024-06-30,CUST0209,Vijay Kumar,Male,41.0,South,Tamil Nadu,Madurai,Clothing,Sneakers,4,3282.92,10,11818.51,UPI,Delivered,Rohan Kumar
ORD00820,2024-07-15,CUST0025,Amit Rao,Female,43.0,West,Maharashtra,Pune,Electronics,Tablet,2,17264.18,0,0.0,Debit Card,Cancelled,Swathi Sharma
ORD00821,2025-12-24,CUST0054,Naveen Singh,Male,24.0,East,Odisha,Bhubaneswar,Furniture,Sofa,2,29566.55,10,53219.79,Net Banking,Returned,Swathi Rao
ORD00822,2025-09-06,CUST0099,Isha Reddy,Female,41.0,West,Gujarat,Ahmedabad,Furniture,Bookshelf,5,5323.76,15,22625.98,Credit Card,Delivered,Priya Nair
ORD00823,2024-03-07,CUST0133,Meena Rao,Male,38.0,South,Tamil Nadu,Coimbatore,Electronics,Laptop,1,53659.51,15,45610.58,UPI,Delivered,Rahul Reddy
ORD00824,2024-10-09,CUST0008,Ravi Sharma,Male,35.0,South,Tamil Nadu,Chennai,Home Appliances,Mixer Grinder,2,3460.55,10,6228.99,Cash,Delivered,Meena Nair
ORD00825,2024-08-31,CUST0294,Divya Sharma,Male,65.0,West,Gujarat,Ahmedabad,Clothing,Sneakers,5,3257.37,5,15472.51,Cash,Delivered,Suresh Patel
ORD00826,2024-03-07,CUST0275,Arun Iyer,Female,58.0,West,Gujarat,Ahmedabad,Clothing,Sneakers,5,3209.5,10,14442.75,Credit Card,Delivered,Vijay Gupta
ORD00827,2025-10-01,CUST0045,Amit Das,Male,62.0,South,Tamil Nadu,Chennai,Electronics,Tablet,2,17855.08,15,30353.64,UPI,Delivered,Sneha Kumar
ORD00828,2025-07-21,CUST0073,Meena Sharma,Male,43.0,South,Kerala,Kochi,Groceries,Tea,1,254.68,10,229.21,UPI,Returned,Divya Gupta
ORD00829,2024-12-10,CUST0041,Neha Gupta,Male,42.0,West,Maharashtra,Mumbai,Clothing,Jacket,2,2784.6,10,5012.28,Credit Card,Delivered,Ananya Nair
ORD00830,2024-05-06,CUST0006,Arun Iyer,Male,57.0,West,Maharashtra,Pune,Groceries,Cooking Oil,8,149.63,15,1017.48,Debit Card,Delivered,Rahul Kumar
ORD00831,2025-03-03,CUST0217,Neha Kumar,Male,27.0,South,Kerala,Kochi,Clothing,T-Shirt,3,679.23,10,1833.92,Credit Card,Delivered,Isha Singh
ORD00832,2025-01-27,CUST0095,Isha Nair,Male,50.0,West,Maharashtra,Mumbai,Electronics,Smartphone,4,28664.71,10,103192.96,Cash,Delivered,Ravi Das
ORD00833,2024-07-20,CUST0262,Kavya Patel,Female,27.0,West,Gujarat,Ahmedabad,Electronics,Headphones,1,2467.14,5,2343.78,Credit Card,Delivered,Meena Rao
ORD00834,2025-02-17,CUST0015,Naveen Nair,Female,51.0,South,Tamil Nadu,Coimbatore,Home Appliances,Air Fryer,3,6079.5,5,17326.58,Net Banking,Returned,Ravi Singh
ORD00835,2025-01-23,CUST0067,Meena Reddy,Female,35.0,North,Uttar Pradesh,Lucknow,Clothing,Jeans,5,1691.44,5,8034.34,Credit Card,Delivered,Priya Nair
ORD00836,2024-02-21,CUST0175,Swathi Nair,Female,24.0,West,Goa,Panaji,Electronics,Headphones,1,2664.83,0,2664.83,Debit Card,Delivered,Arun Das
ORD00837,2025-07-24,CUST0114,Arun Reddy,Male,26.0,West,Gujarat,Ahmedabad,Electronics,Tablet,3,17491.9,5,49851.92,Net Banking,Delivered,Amit Kumar
ORD00838,2025-12-30,CUST0222,Amit Gupta,Male,37.0,South,Tamil Nadu,Chennai,Furniture,Sofa,2,27924.95,15,47472.42,UPI,Delivered,Sneha Sharma
ORD00839,2025-04-18,CUST0190,Isha Patel,Female,38.0,North,Delhi,New Delhi,Furniture,Bookshelf,1,5409.02,5,5138.57,Net Banking,Delivered,Vijay Sharma
ORD00840,2025-10-21,CUST0065,Rohan Kumar,Female,29.0,West,Goa,Panaji,Electronics,Smartphone,2,26681.22,15,45358.07,UPI,Delivered,Neha Das
ORD00841,2025-04-07,CUST0252,Rohan Patel,Female,36.0,South,Andhra Pradesh,Vijayawada,Electronics,Tablet,3,18396.36,5,52429.63,Net Banking,Delivered,Karthik Singh
ORD00842,2024-02-18,CUST0146,Suresh Reddy,Male,46.0,North,Rajasthan,Jaipur,Electronics,Smartwatch,1,5617.08,0,5617.08,UPI,Delivered,Divya Kumar
ORD00843,2025-12-29,CUST0240,Naveen Das,Female,23.0,West,Goa,Panaji,Clothing,Jeans,5,1638.86,0,8194.3,UPI,Delivered,Neha Rao
ORD00844,2025-11-20,CUST0020,Priya Singh,Female,39.0,West,Maharashtra,Mumbai,Electronics,Laptop,1,55069.19,25,41301.89,Credit Card,Delivered,Swathi Singh
ORD00845,2024-12-07,CUST0118,Vijay Nair,Female,18.0,South,Tamil Nadu,Chennai,Clothing,Jeans,5,1720.34,20,6881.36,UPI,Delivered,Ananya Singh
ORD00846,2024-05-02,CUST0143,Sneha Sharma,Male,35.0,West,Maharashtra,Pune,Home Appliances,Water Purifier,5,14398.18,10,64791.81,UPI,Delivered,Ananya Singh
ORD00847,2025-12-24,CUST0190,Priya Sharma,Male,37.0,North,Punjab,Amritsar,Clothing,Jeans,1,1529.93,15,0.0,Net Banking,Cancelled,Isha Gupta
ORD00848,2025-06-11,CUST0166,Suresh Patel,Male,47.0,West,Goa,Panaji,Clothing,Jacket,5,2583.41,0,12917.05,UPI,Delivered,Vijay Iyer
ORD00849,2025-09-03,CUST0172,Naveen Iyer,Male,22.0,West,Maharashtra,Pune,Groceries,Coffee,6,438.6,10,0.0,Debit Card,Cancelled,Meena Singh
ORD00850,2024-12-15,CUST0282,Karthik Reddy,Female,41.0,West,Maharashtra,Mumbai,Clothing,Dress,2,2055.42,0,4110.84,UPI,Delivered,Sneha Gupta
ORD00851,2024-03-23,CUST0290,Divya Iyer,Female,20.0,West,Gujarat,Ahmedabad,Clothing,Jeans,3,1646.84,10,0.0,Debit Card,Cancelled,Kavya Singh
ORD00852,2025-10-30,CUST0041,Amit Das,Male,54.0,East,Odisha,Bhubaneswar,Electronics,Laptop,3,54952.8,5,156615.48,UPI,Delivered,Isha Nair
ORD00853,2025-05-23,CUST0154,Swathi Rao,Male,24.0,South,Kerala,Kochi,Electronics,Headphones,8,2586.73,20,16555.07,Debit Card,Delivered,Pooja Iyer
ORD00854,2025-10-18,CUST0097,Isha Nair,Female,60.0,North,Delhi,New Delhi,Electronics,Headphones,2,2455.37,15,4174.13,UPI,Delivered,Sneha Nair
ORD00855,2024-09-21,CUST0148,Rahul Singh,Male,26.0,South,Tamil Nadu,Coimbatore,Groceries,Rice,1,850.42,10,765.38,Credit Card,Delivered,Karthik Gupta
ORD00856,2024-08-10,CUST0281,Vijay Reddy,Female,59.0,South,Tamil Nadu,Madurai,Clothing,Jacket,3,2700.76,0,8102.28,Net Banking,Delivered,Ananya Das
ORD00857,2024-06-08,CUST0119,Arun Singh,Male,52.0,South,Andhra Pradesh,Vijayawada,Furniture,Bed,1,30484.85,15,25912.12,Cash,Returned,Suresh Rao
ORD00858,2024-01-29,CUST0120,Vikram Reddy,Female,55.0,South,Tamil Nadu,Coimbatore,Electronics,Tablet,3,17844.05,5,0.0,Credit Card,Cancelled,Ananya Sharma
ORD00859,2025-02-02,CUST0134,Naveen Kumar,Female,49.0,North,Uttar Pradesh,Lucknow,Electronics,Tablet,1,17201.62,0,17201.62,Debit Card,Delivered,Kavya Patel
ORD00860,2025-08-06,CUST0058,Rohan Patel,Male,28.0,South,Tamil Nadu,Coimbatore,Clothing,T-Shirt,4,657.26,5,2497.59,Debit Card,Delivered,Arun Rao
ORD00861,2024-10-29,CUST0142,Vijay Rao,Male,46.0,South,Tamil Nadu,Madurai,Groceries,Cooking Oil,2,148.48,10,267.26,UPI,Delivered,Vikram Patel
ORD00862,2024-12-26,CUST0031,Rahul Reddy,Female,34.0,South,Karnataka,Bengaluru,Home Appliances,Microwave,5,9162.74,0,45813.7,Credit Card,Delivered,Priya Das
ORD00863,2024-03-25,CUST0197,Amit Das,Male,63.0,South,Tamil Nadu,Madurai,Clothing,Jeans,8,1710.3,10,12314.16,Credit Card,Delivered,Vikram Kumar
ORD00864,2025-09-22,CUST0228,Vikram Reddy,Male,46.0,West,Maharashtra,Pune,Electronics,Smartwatch,2,5547.15,0,11094.3,UPI,Delivered,Sneha Kumar
ORD00865,2024-05-08,CUST0135,Vikram Sharma,Female,34.0,South,Tamil Nadu,Madurai,Furniture,Bed,3,33339.78,10,90017.41,Debit Card,Delivered,Divya Nair
ORD00866,2024-10-29,CUST0276,Ananya Reddy,Female,32.0,West,Maharashtra,Pune,Electronics,Smartphone,6,29175.19,10,157546.03,Debit Card,Delivered,Kavya Patel
ORD00867,2025-10-02,CUST0171,Vijay Singh,Male,42.0,North,Uttar Pradesh,Lucknow,Furniture,Office Chair,1,7620.8,10,6858.72,Credit Card,Delivered,Vikram Reddy
ORD00868,2024-04-23,CUST0031,Ananya Kumar,Male,20.0,North,Uttar Pradesh,Lucknow,Home Appliances,Water Purifier,2,13958.14,10,25124.65,UPI,Delivered,Karthik Singh
ORD00869,2025-12-26,CUST0052,Divya Singh,Male,40.0,West,Gujarat,Ahmedabad,Furniture,Office Chair,2,7925.46,25,11888.19,Net Banking,Delivered,Rohan Nair
ORD00870,2024-03-14,CUST0049,Naveen Patel,Male,32.0,West,Goa,Panaji,Furniture,Bookshelf,1,5665.54,25,4249.16,Debit Card,Delivered,Sneha Kumar
ORD00871,2024-04-22,CUST0259,Amit Nair,Male,32.0,East,Bihar,Patna,Groceries,Cooking Oil,3,159.79,15,407.46,UPI,Delivered,Vikram Iyer
ORD00872,2025-06-16,CUST0031,Kavya Gupta,Female,50.0,East,West Bengal,Kolkata,Groceries,Snacks,4,169.62,20,542.78,UPI,Delivered,Neha Reddy
ORD00873,2024-01-28,CUST0201,Priya Kumar,Male,27.0,West,Goa,Panaji,Clothing,Jeans,1,1665.32,15,1415.52,UPI,Delivered,Priya Das
ORD00874,2024-08-31,CUST0178,Arun Patel,Female,27.0,South,Tamil Nadu,Chennai,Clothing,Jeans,2,1655.07,10,2979.13,UPI,Delivered,Naveen Iyer
ORD00875,2025-12-12,CUST0180,Pooja Gupta,Female,27.0,East,Odisha,Bhubaneswar,Home Appliances,Vacuum Cleaner,2,9043.22,15,15373.47,Debit Card,Delivered,Rahul Patel
ORD00876,2025-07-11,CUST0147,Isha Singh,Female,42.0,West,Maharashtra,Pune,Clothing,Dress,1,2174.09,20,1739.27,Net Banking,Delivered,Swathi Nair
ORD00877,2024-04-11,CUST0044,Naveen Gupta,Female,51.0,South,Kerala,Kochi,Electronics,Smartphone,3,29798.56,15,75986.33,UPI,Delivered,Suresh Das
ORD00878,2025-11-19,CUST0298,Isha Nair,Female,65.0,South,Karnataka,Bengaluru,Electronics,Tablet,2,17837.97,0,35675.94,Net Banking,Delivered,Pooja Reddy
ORD00879,2025-04-21,CUST0220,,Male,38.0,South,Andhra Pradesh,Vijayawada,Electronics,Headphones,10,2653.35,20,21226.8,UPI,Delivered,Rahul Kumar
ORD00880,2025-03-16,CUST0079,Isha Patel,Female,44.0,North,Uttar Pradesh,Lucknow,Electronics,Headphones,6,2437.58,20,11700.38,Cash,Returned,Kavya Patel
ORD00881,2025-08-01,CUST0116,Isha Rao,Male,39.0,East,West Bengal,Kolkata,Groceries,Cooking Oil,5,156.58,0,782.9,Net Banking,Returned,Amit Gupta
ORD00882,2024-10-01,CUST0231,Pooja Nair,Male,54.0,South,Tamil Nadu,Chennai,Clothing,Dress,5,2169.99,0,10849.95,Credit Card,Delivered,Meena Sharma
ORD00883,2025-07-20,CUST0074,Arun Nair,Male,26.0,East,Odisha,Bhubaneswar,Clothing,Jacket,1,2593.93,5,2464.23,UPI,Delivered,Vikram Patel
ORD00884,2024-08-19,CUST0076,Arun Gupta,Female,59.0,West,Goa,Panaji,Home Appliances,Mixer Grinder,3,3524.24,25,7929.54,Debit Card,Delivered,Sneha Patel
ORD00885,2024-07-09,CUST0292,Ravi Rao,Male,32.0,West,Maharashtra,Pune,Furniture,Sofa,2,25905.52,15,44039.38,Debit Card,Delivered,Amit Das
ORD00886,2024-02-03,CUST0002,Meena Patel,Female,24.0,North,Delhi,New Delhi,Clothing,T-Shirt,1,704.95,25,528.71,UPI,Delivered,Rohan Rao
ORD00887,2025-02-10,CUST0220,Kavya Singh,Male,52.0,West,Gujarat,Ahmedabad,Furniture,Bed,1,31195.83,25,23396.87,Net Banking,Delivered,Priya Gupta
ORD00888,2025-11-12,CUST0129,Divya Patel,Female,62.0,South,Kerala,Kochi,Clothing,Sneakers,2,3365.99,15,5722.18,UPI,Delivered,Arun Rao
ORD00889,2024-12-20,CUST0066,Naveen Gupta,Male,56.0,South,Tamil Nadu,Chennai,Clothing,Dress,3,2093.14,15,5337.51,UPI,Delivered,Naveen Sharma
ORD00890,2025-08-02,CUST0107,Suresh Das,Female,18.0,West,Goa,Panaji,Electronics,Smartphone,3,25881.74,5,73762.96,UPI,Delivered,Pooja Singh
ORD00891,2024-10-20,CUST0219,Meena Nair,Male,32.0,North,Punjab,Amritsar,Electronics,Laptop,6,57784.88,5,329373.82,UPI,Delivered,Pooja Nair
ORD00892,2025-08-26,CUST0106,Suresh Sharma,Female,28.0,West,Gujarat,Ahmedabad,Electronics,Laptop,2,51051.18,5,96997.24,Cash,Delivered,Karthik Patel
ORD00893,2025-08-20,CUST0177,Rahul Nair,Female,31.0,West,Maharashtra,Mumbai,Groceries,Rice,1,854.95,10,0.0,Cash,Cancelled,Ravi Nair
ORD00894,2024-10-19,CUST0209,Vikram Singh,Female,18.0,South,Karnataka,Bengaluru,Home Appliances,Mixer Grinder,5,3777.75,10,16999.88,Credit Card,Delivered,Naveen Iyer
ORD00895,2024-05-17,CUST0006,Swathi Sharma,Male,58.0,West,Maharashtra,Pune,Home Appliances,Water Purifier,1,13365.22,20,10692.18,Debit Card,Delivered,Priya Kumar
ORD00896,2024-07-02,CUST0195,Meena Sharma,Male,23.0,North,Delhi,New Delhi,Groceries,Cooking Oil,5,147.35,5,699.91,Debit Card,Delivered,Meena Sharma
ORD00897,2025-12-01,CUST0046,Vikram Sharma,Female,56.0,North,Rajasthan,Jaipur,Clothing,T-Shirt,2,687.02,15,1167.93,UPI,Returned,Pooja Kumar
ORD00898,2025-04-23,CUST0265,Sneha Patel,Male,51.0,South,Karnataka,Bengaluru,Furniture,Bookshelf,2,5246.09,5,9967.57,Debit Card,Delivered,Divya Patel
ORD00899,2024-03-28,CUST0063,Rahul Iyer,Female,53.0,North,Rajasthan,Jaipur,Home Appliances,Vacuum Cleaner,10,8408.04,10,75672.36,UPI,Returned,Divya Reddy
ORD00900,2025-12-05,CUST0242,Rohan Das,Female,43.0,South,Tamil Nadu,Coimbatore,Furniture,Sofa,3,30046.86,20,72112.46,UPI,Delivered,Ravi Das
ORD00901,2025-12-01,CUST0112,Naveen Nair,Female,21.0,East,Bihar,Patna,Home Appliances,Microwave,1,9024.19,5,8572.98,UPI,Delivered,Amit Singh
ORD00902,2024-09-03,CUST0045,Swathi Gupta,Male,28.0,South,Karnataka,Bengaluru,Furniture,Bed,3,32000.47,0,96001.41,Credit Card,Delivered,Ananya Rao
ORD00903,2025-05-02,CUST0106,Vikram Kumar,Male,,South,Tamil Nadu,Madurai,Electronics,Headphones,2,2684.37,0,5368.74,Cash,Delivered,Ravi Rao
ORD00904,2024-12-19,CUST0049,Pooja Singh,Male,,South,Tamil Nadu,Coimbatore,Home Appliances,Mixer Grinder,5,3771.14,15,16027.34,Credit Card,Delivered,Isha Kumar
ORD00905,2025-03-04,CUST0028,Swathi Sharma,Male,30.0,South,Tamil Nadu,Chennai,Clothing,Dress,10,2331.17,5,22146.12,Debit Card,Delivered,Pooja Nair
ORD00906,2025-06-10,CUST0279,Priya Nair,Female,54.0,South,Kerala,Kochi,Clothing,Jeans,1,1476.5,10,1328.85,UPI,Delivered,Priya Sharma
ORD00907,2024-09-01,CUST0290,Vijay Nair,Female,29.0,North,Uttar Pradesh,Lucknow,Furniture,Sofa,2,29668.6,20,47469.76,UPI,Delivered,Rohan Gupta
ORD00908,2024-09-06,CUST0098,Naveen Kumar,Female,61.0,West,Maharashtra,Pune,Furniture,Office Chair,1,8085.68,15,6872.83,Credit Card,Delivered,Kavya Singh
ORD00909,2025-05-15,CUST0175,Suresh Reddy,Female,21.0,South,Tamil Nadu,Chennai,Electronics,Tablet,2,16783.68,25,0.0,Debit Card,Cancelled,Swathi Reddy
ORD00910,2025-04-13,CUST0110,Arun Das,Female,47.0,North,Punjab,Amritsar,Home Appliances,Mixer Grinder,3,3334.17,20,8002.01,Debit Card,Delivered,Suresh Patel
ORD00911,2024-01-28,CUST0160,Suresh Sharma,Female,28.0,North,Delhi,New Delhi,Groceries,Snacks,5,178.72,15,759.56,UPI,Delivered,Isha Kumar
ORD00912,2025-10-13,CUST0144,Ananya Gupta,Male,63.0,South,Tamil Nadu,Madurai,Electronics,Headphones,4,2428.76,5,9229.29,Credit Card,Delivered,Vijay Rao
ORD00913,2024-11-21,CUST0078,Rahul Kumar,Female,63.0,West,Maharashtra,Mumbai,Electronics,Smartwatch,4,5931.81,20,18981.79,UPI,Delivered,Rohan Gupta
ORD00914,2025-08-16,CUST0021,Naveen Patel,Male,58.0,East,West Bengal,Kolkata,Clothing,T-Shirt,2,723.77,5,1375.16,UPI,Returned,Ananya Sharma
ORD00915,2024-03-31,CUST0212,Priya Das,Female,43.0,West,Maharashtra,Pune,Clothing,Jacket,4,2719.56,0,0.0,Net Banking,Cancelled,Ananya Patel
ORD00916,2024-11-13,CUST0141,Ananya Gupta,Male,59.0,East,Odisha,Bhubaneswar,Clothing,Sneakers,1,3391.64,0,3391.64,Net Banking,Delivered,Karthik Kumar
ORD00917,2025-11-27,CUST0286,Amit Singh,Female,40.0,South,Kerala,Kochi,Home Appliances,Microwave,1,8665.93,0,8665.93,Net Banking,Returned,Kavya Patel
ORD00918,2024-11-11,CUST0156,Meena Singh,Female,31.0,South,Kerala,Kochi,Clothing,Jeans,4,1701.59,0,6806.36,Debit Card,Delivered,Neha Iyer
ORD00919,2025-07-16,CUST0075,Pooja Iyer,Female,29.0,West,Maharashtra,Pune,Electronics,Smartwatch,8,5900.07,15,40120.48,UPI,Delivered,Rahul Sharma
ORD00920,2024-10-23,CUST0169,Pooja Iyer,Female,20.0,East,West Bengal,Kolkata,Electronics,Smartphone,4,30113.77,5,114432.33,Credit Card,Delivered,Arun Gupta
ORD00921,2025-01-26,CUST0249,Divya Kumar,Male,50.0,South,Andhra Pradesh,Vijayawada,Clothing,Sneakers,2,2973.4,10,5352.12,UPI,Delivered,Rahul Sharma
ORD00922,2024-10-15,CUST0212,Sneha Kumar,Male,56.0,South,Tamil Nadu,Madurai,Clothing,Dress,4,2372.54,25,7117.62,Credit Card,Delivered,Meena Singh
ORD00923,2024-09-21,CUST0259,Pooja Das,Female,33.0,West,Gujarat,Ahmedabad,Home Appliances,Microwave,3,8349.61,20,20039.06,Credit Card,Delivered,Karthik Nair
ORD00924,2024-03-18,CUST0028,Pooja Reddy,Male,62.0,North,Rajasthan,Jaipur,Furniture,Sofa,3,28982.0,10,78251.4,Credit Card,Delivered,Ananya Das
ORD00925,2024-08-21,CUST0187,Neha Sharma,Male,26.0,South,Kerala,Kochi,Furniture,Bookshelf,5,5253.68,0,26268.4,Net Banking,Delivered,Sneha Reddy
ORD00926,2025-06-04,CUST0115,Priya Kumar,Female,36.0,South,Tamil Nadu,Chennai,Electronics,Laptop,4,56016.43,0,224065.72,Credit Card,Delivered,Suresh Reddy
ORD00927,2025-09-16,CUST0047,Kavya Rao,Male,48.0,South,Tamil Nadu,Coimbatore,Clothing,Dress,2,2195.27,20,3512.43,Net Banking,Delivered,Vikram Reddy
ORD00928,2025-04-07,CUST0214,Ravi Das,Female,63.0,South,Karnataka,Bengaluru,Electronics,Smartwatch,4,5999.43,10,21597.95,Net Banking,Delivered,Suresh Gupta
ORD00929,2024-09-01,CUST0048,Suresh Nair,Male,38.0,South,Andhra Pradesh,Vijayawada,Furniture,Bookshelf,4,5336.6,0,21346.4,Net Banking,Delivered,Karthik Gupta
ORD00930,2025-04-07,CUST0158,Priya Sharma,Female,48.0,South,Kerala,Kochi,Clothing,Jacket,1,2636.9,10,2373.21,Debit Card,Delivered,Arun Iyer
ORD00931,2025-04-26,CUST0230,Arun Sharma,Male,18.0,South,Tamil Nadu,Coimbatore,Furniture,Sofa,3,29030.74,5,82737.61,UPI,Delivered,Vijay Kumar
ORD00932,2024-05-14,CUST0013,Vikram Singh,Female,20.0,West,Maharashtra,Mumbai,Electronics,Laptop,4,54912.98,0,219651.92,Cash,Delivered,Amit Sharma
ORD00933,2025-03-05,CUST0103,Arun Kumar,Female,54.0,South,Karnataka,Bengaluru,Home Appliances,Microwave,6,8590.59,5,48966.36,Net Banking,Delivered,Vikram Rao
ORD00934,2025-01-08,CUST0142,Swathi Sharma,Female,54.0,North,Delhi,New Delhi,Clothing,Jeans,1,1629.0,0,1629.0,UPI,Delivered,Naveen Gupta
ORD00935,2025-08-17,CUST0105,Pooja Nair,Female,21.0,South,Andhra Pradesh,Vijayawada,Furniture,Bookshelf,3,5300.27,20,12720.65,Credit Card,Delivered,Suresh Sharma
ORD00936,2025-01-14,CUST0187,Kavya Patel,Male,,South,Andhra Pradesh,Vijayawada,Furniture,Sofa,10,27539.24,10,247853.16,Credit Card,Delivered,Arun Iyer
ORD00937,2024-04-30,CUST0003,Neha Patel,Female,49.0,North,Delhi,New Delhi,Clothing,T-Shirt,3,751.85,20,1804.44,UPI,Delivered,Vijay Reddy
ORD00938,2024-07-31,CUST0041,Arun Singh,Male,,North,Delhi,New Delhi,Electronics,Headphones,1,2355.91,10,2120.32,Credit Card,Returned,Ananya Patel
ORD00939,2025-04-04,CUST0128,Suresh Nair,Female,30.0,South,Kerala,Kochi,Furniture,Bookshelf,4,5649.36,15,19207.82,Debit Card,Delivered,Divya Reddy
ORD00940,2024-01-05,CUST0182,Pooja Kumar,Male,27.0,South,Tamil Nadu,Madurai,Furniture,Bookshelf,2,5470.25,15,9299.42,UPI,Delivered,Kavya Rao
ORD00941,2025-12-04,CUST0047,Ravi Sharma,Female,46.0,South,Andhra Pradesh,Vijayawada,Furniture,Sofa,3,28880.49,10,77977.32,Debit Card,Delivered,Sneha Patel
ORD00942,2025-07-14,CUST0227,Ravi Reddy,Female,34.0,East,Bihar,Patna,Groceries,Tea,4,253.29,0,1013.16,Debit Card,Delivered,Pooja Nair
ORD00943,2024-10-10,CUST0159,Divya Rao,Female,42.0,South,Tamil Nadu,Chennai,Home Appliances,Water Purifier,3,13294.28,0,39882.84,UPI,Delivered,Divya Gupta
ORD00944,2025-01-29,CUST0001,Suresh Reddy,Female,30.0,West,Gujarat,Ahmedabad,Furniture,Office Chair,2,8000.67,15,13601.14,UPI,Delivered,Sneha Sharma
ORD00945,2025-09-29,CUST0041,Rohan Reddy,Male,42.0,West,Maharashtra,Mumbai,Groceries,Tea,1,234.68,15,199.48,Credit Card,Delivered,Amit Kumar
ORD00946,2025-12-09,CUST0069,Swathi Patel,Female,51.0,North,Uttar Pradesh,Lucknow,Electronics,Smartwatch,2,5733.86,15,9747.56,Debit Card,Delivered,Swathi Gupta
ORD00947,2025-12-25,CUST0200,Priya Iyer,Male,36.0,North,Uttar Pradesh,Lucknow,Clothing,T-Shirt,1,729.33,0,729.33,Cash,Delivered,Sneha Kumar
ORD00948,2025-08-24,CUST0010,Sneha Nair,Male,20.0,South,Tamil Nadu,Madurai,Electronics,Headphones,2,2329.02,5,4425.14,Debit Card,Delivered,Sneha Rao
ORD00949,2025-10-02,CUST0253,Divya Gupta,Male,26.0,South,Andhra Pradesh,Vijayawada,Groceries,Snacks,3,193.87,20,465.29,Credit Card,Returned,Amit Iyer
ORD00950,2024-10-05,CUST0113,Rahul Kumar,Male,22.0,East,Odisha,Bhubaneswar,Electronics,Tablet,1,18265.15,10,16438.64,Cash,Delivered,Meena Rao
ORD00951,2024-01-29,CUST0153,Ravi Patel,Male,62.0,South,Tamil Nadu,Chennai,Home Appliances,Vacuum Cleaner,5,8036.46,0,40182.3,UPI,Delivered,Vikram Iyer
ORD00952,2025-06-10,CUST0277,Vikram Das,Female,36.0,North,Rajasthan,Jaipur,Clothing,Dress,2,2217.13,0,4434.26,Credit Card,Delivered,Sneha Sharma
ORD00953,2024-05-28,CUST0209,Naveen Singh,Female,52.0,East,West Bengal,Kolkata,Furniture,Office Chair,1,7554.69,0,7554.69,Credit Card,Delivered,Swathi Singh
ORD00954,2025-08-02,CUST0092,Vikram Sharma,Male,57.0,West,Maharashtra,Mumbai,Home Appliances,Air Fryer,1,6174.39,10,5556.95,Debit Card,Delivered,Rohan Das
ORD00955,2025-01-24,CUST0261,Swathi Patel,Female,36.0,North,Punjab,Amritsar,Furniture,Bed,4,30926.9,5,117522.22,UPI,Delivered,Amit Reddy
ORD00956,2024-02-02,CUST0299,Pooja Patel,Female,64.0,South,Andhra Pradesh,Vijayawada,Groceries,Tea,4,232.86,10,838.3,UPI,Delivered,Ananya Das
ORD00957,2024-11-23,CUST0098,Suresh Nair,Male,33.0,South,Tamil Nadu,Chennai,Electronics,Tablet,2,18737.33,10,33727.19,UPI,Delivered,Ananya Patel
ORD00958,2025-10-16,CUST0056,Ravi Das,Female,41.0,South,Tamil Nadu,Coimbatore,Clothing,Dress,2,2203.99,10,3967.18,UPI,Delivered,Ananya Rao
ORD00959,2025-11-04,CUST0243,Vikram Sharma,Male,18.0,North,Rajasthan,Jaipur,Home Appliances,Microwave,5,8302.2,0,41511.0,UPI,Delivered,Meena Reddy
ORD00960,2025-06-10,CUST0144,Suresh Gupta,Female,24.0,South,Kerala,Kochi,Electronics,Smartwatch,1,6166.03,15,5241.13,UPI,Returned,Isha Singh
ORD00961,2024-10-02,CUST0049,Vijay Kumar,Male,53.0,South,Andhra Pradesh,Vijayawada,Furniture,Study Table,3,8904.07,10,24040.99,Cash,Returned,Rahul Patel
ORD00962,2025-10-24,CUST0140,Swathi Singh,Male,30.0,North,Punjab,Amritsar,Home Appliances,Water Purifier,3,13928.83,20,33429.19,UPI,Delivered,Swathi Nair
ORD00963,2025-11-26,CUST0061,Vikram Iyer,Male,56.0,East,Bihar,Patna,Furniture,Bookshelf,1,5557.33,10,0.0,Credit Card,Cancelled,Rahul Sharma
ORD00964,2025-10-10,CUST0266,Sneha Nair,Male,24.0,South,Tamil Nadu,Chennai,Home Appliances,Air Fryer,3,6597.9,5,18804.01,UPI,Delivered,Neha Nair
ORD00965,2024-08-14,CUST0127,Neha Patel,Male,29.0,West,Gujarat,Ahmedabad,Electronics,Smartwatch,1,6243.11,10,5618.8,UPI,Returned,Meena Sharma
ORD00966,2024-01-07,CUST0219,Suresh Patel,Male,43.0,North,Delhi,New Delhi,Furniture,Bookshelf,3,5692.56,5,16223.8,Credit Card,Delivered,Suresh Iyer
ORD00967,2025-05-14,CUST0115,Vijay Kumar,Male,41.0,North,Punjab,Amritsar,Electronics,Headphones,3,2597.05,5,7401.59,Credit Card,Delivered,Naveen Kumar
ORD00968,2024-03-05,CUST0069,Rahul Kumar,Female,44.0,East,West Bengal,Kolkata,Electronics,Headphones,1,2394.37,5,2274.65,Credit Card,Delivered,Swathi Sharma
ORD00969,2025-04-29,CUST0073,Pooja Sharma,Male,57.0,West,Maharashtra,Mumbai,Groceries,Tea,1,238.18,5,226.27,UPI,Delivered,Isha Patel
ORD00970,2024-08-09,CUST0126,Vikram Das,Male,48.0,South,Tamil Nadu,Coimbatore,Electronics,Tablet,1,16623.74,10,14961.37,Credit Card,Delivered,Swathi Reddy
ORD00971,2024-08-05,CUST0207,Kavya Singh,Female,36.0,North,Rajasthan,Jaipur,Electronics,Headphones,8,2531.39,25,15188.34,Debit Card,Delivered,Ananya Das
ORD00972,2024-12-04,CUST0248,Arun Patel,Female,29.0,West,Maharashtra,Pune,Furniture,Bed,2,30100.97,10,54181.75,Credit Card,Delivered,Rohan Gupta
ORD00973,2025-09-27,CUST0160,Karthik Das,Male,55.0,North,Punjab,Amritsar,Clothing,Jeans,1,1590.48,25,1192.86,Net Banking,Delivered,Suresh Sharma
ORD00974,2024-12-09,CUST0176,Ravi Iyer,Female,47.0,North,Rajasthan,Jaipur,Furniture,Office Chair,1,7693.07,10,6923.76,Credit Card,Delivered,Sneha Patel
ORD00975,2024-04-21,CUST0295,Ananya Kumar,Male,34.0,North,Punjab,Amritsar,Electronics,Smartwatch,3,6025.62,20,14461.49,Credit Card,Delivered,Neha Rao
ORD00976,2025-07-06,CUST0029,Pooja Reddy,Female,58.0,South,Tamil Nadu,Madurai,Electronics,Laptop,1,56584.54,10,50926.09,UPI,Delivered,Karthik Nair
ORD00977,2024-03-01,CUST0166,Neha Das,Male,65.0,North,Rajasthan,Jaipur,Groceries,Snacks,2,183.84,0,367.68,UPI,Delivered,Vijay Iyer
ORD00978,2025-05-12,CUST0269,Ananya Rao,Male,54.0,East,Odisha,Bhubaneswar,Electronics,Headphones,4,2476.84,15,8421.26,Net Banking,Delivered,Sneha Das
ORD00979,2025-08-19,CUST0066,Karthik Gupta,Female,35.0,West,Maharashtra,Pune,Electronics,Laptop,1,54764.29,25,41073.22,Debit Card,Delivered,Sneha Sharma
ORD00980,2025-01-16,CUST0022,Kavya Gupta,Female,41.0,South,Andhra Pradesh,Vijayawada,Electronics,Headphones,5,2640.75,10,11883.38,UPI,Returned,Divya Rao
ORD00981,2025-11-22,CUST0023,Rahul Reddy,Male,,North,Delhi,New Delhi,Groceries,Snacks,2,171.73,0,343.46,Debit Card,Delivered,Kavya Reddy
ORD00982,2025-10-31,CUST0112,Pooja Iyer,Male,38.0,South,Andhra Pradesh,Vijayawada,Furniture,Study Table,1,9310.57,5,8845.04,UPI,Delivered,Rahul Gupta
ORD00983,2025-03-21,CUST0114,Isha Sharma,Female,45.0,North,Delhi,New Delhi,Groceries,Tea,10,242.9,20,1943.2,Credit Card,Delivered,Rahul Das
ORD00984,2025-09-19,CUST0067,Suresh Nair,Female,38.0,East,West Bengal,Kolkata,Home Appliances,Water Purifier,2,13719.34,10,24694.81,Credit Card,Delivered,Vijay Kumar
ORD00985,2025-04-29,CUST0135,Kavya Nair,Male,54.0,South,Tamil Nadu,Chennai,Clothing,T-Shirt,3,670.82,20,1609.97,Debit Card,Delivered,Divya Das
ORD00986,2025-05-24,CUST0262,Meena Rao,Female,47.0,North,Punjab,Amritsar,Groceries,Cooking Oil,4,168.98,5,642.12,UPI,Delivered,Swathi Patel
ORD00987,2024-05-06,CUST0274,Suresh Nair,Male,28.0,East,West Bengal,Kolkata,Furniture,Sofa,6,28893.18,5,164691.13,Debit Card,Delivered,Ananya Kumar
ORD00988,2025-01-09,CUST0092,Amit Patel,Female,37.0,South,Andhra Pradesh,Vijayawada,Electronics,Tablet,1,19001.22,10,17101.1,Net Banking,Returned,Arun Das
ORD00989,2025-07-13,CUST0279,Divya Iyer,Female,65.0,East,Bihar,Patna,Furniture,Office Chair,1,7226.09,15,0.0,Credit Card,Cancelled,Kavya Sharma
ORD00990,2025-09-28,CUST0163,Suresh Patel,Male,50.0,North,Punjab,Amritsar,Clothing,Dress,1,2367.88,0,0.0,UPI,Cancelled,Ravi Gupta
ORD00991,2024-09-25,CUST0039,Swathi Kumar,Female,51.0,South,Kerala,Kochi,Electronics,Smartwatch,3,6071.56,5,17303.95,Credit Card,Delivered,Meena Nair
ORD00992,2024-05-29,CUST0296,Suresh Reddy,Male,60.0,South,Kerala,Kochi,Clothing,Dress,5,2216.29,5,10527.38,Debit Card,Delivered,Neha Das
ORD00993,2024-03-23,CUST0031,Priya Sharma,Female,21.0,West,Maharashtra,Mumbai,Home Appliances,Vacuum Cleaner,2,8486.45,10,15275.61,Debit Card,Delivered,Naveen Rao
ORD00994,2024-03-15,CUST0202,Kavya Iyer,Male,39.0,East,West Bengal,Kolkata,Electronics,Smartphone,4,26283.42,10,94620.31,Debit Card,Delivered,Priya Iyer
ORD00995,2024-03-11,CUST0263,Swathi Das,Female,27.0,North,Rajasthan,Jaipur,Furniture,Sofa,3,26623.49,5,75876.95,Credit Card,Delivered,Ravi Nair
ORD00996,2025-09-28,CUST0267,Sneha Rao,Female,63.0,South,Tamil Nadu,Chennai,Clothing,Sneakers,2,3081.68,0,6163.36,Credit Card,Delivered,Vikram Sharma
ORD00997,2025-10-26,CUST0234,Priya Patel,Female,51.0,North,Delhi,New Delhi,Clothing,Jeans,2,1628.09,5,3093.37,UPI,Delivered,Ravi Sharma
ORD00998,2024-05-17,CUST0132,Neha Das,Female,36.0,South,Andhra Pradesh,Vijayawada,Home Appliances,Microwave,1,8900.32,5,8455.3,UPI,Delivered,Sneha Das
ORD00999,2025-04-18,CUST0175,Vikram Gupta,Male,44.0,South,Andhra Pradesh,Vijayawada,Clothing,Sneakers,2,3025.54,0,0.0,,Cancelled,Karthik Patel
ORD01000,2024-11-14,CUST0199,Kavya Gupta,Female,45.0,South,Kerala,Kochi,Clothing,Dress,2,2103.05,10,3785.49,Debit Card,Returned,Vikram Singh
